session,session_date,bar,enter_price,action,take_profit,start_index,end_index,entry_index,start_time,end_time,entry_time,length,tp_hit,tp_hit_index,tp_hit_time,exit_price,exit_time,exit_reason,profit,loss,max_drawdown_ticks,max_drawdown_price,max_drawdown_index,max_drawdown_time
eth_full,2025-01-02,red,2639.9,long,2641.0,0,1,2,2025-01-01 18:00:00-05:00,2025-01-01 18:01:00-05:00,2025-01-01 18:02:00-05:00,2,1,103.0,2025-01-01 19:43:00-05:00,2641.0,2025-01-01 19:43:00-05:00,take_profit,109.9999999999909,0.0,380.0000000000182,2636.1,45,2025-01-01 18:45:00-05:00
eth_full,2025-01-03,green,2670.9,short,2670.8,3,4,5,2025-01-02 18:03:00-05:00,2025-01-02 18:04:00-05:00,2025-01-02 18:05:00-05:00,2,1,5.0,2025-01-02 18:05:00-05:00,2670.8,2025-01-02 18:05:00-05:00,take_profit,9.999999999990905,0.0,9.999999999990905,2671.0,5,2025-01-02 18:05:00-05:00
eth_full,2025-01-06,red,2653.4,long,2653.7,3,5,6,2025-01-05 18:03:00-05:00,2025-01-05 18:05:00-05:00,2025-01-05 18:06:00-05:00,3,1,7.0,2025-01-05 18:07:00-05:00,2653.7,2025-01-05 18:07:00-05:00,take_profit,29.999999999972715,0.0,40.000000000009095,2653.0,6,2025-01-05 18:06:00-05:00
eth_full,2025-01-07,red,2646.6,long,2647.1,0,4,5,2025-01-06 18:00:00-05:00,2025-01-06 18:04:00-05:00,2025-01-06 18:05:00-05:00,5,1,119.0,2025-01-06 20:00:00-05:00,2647.1,2025-01-06 20:00:00-05:00,take_profit,50.0,0.0,309.9999999999909,2643.5,90,2025-01-06 19:31:00-05:00
eth_full,2025-01-08,green,2663.8,short,2662.9,0,1,2,2025-01-07 18:00:00-05:00,2025-01-07 18:01:00-05:00,2025-01-07 18:02:00-05:00,2,1,22.0,2025-01-07 18:22:00-05:00,2662.9,2025-01-07 18:22:00-05:00,take_profit,90.0000000000091,0.0,59.999999999990905,2664.4,16,2025-01-07 18:16:00-05:00
eth_full,2025-01-09,red,2680.1,long,2680.3,2,4,5,2025-01-08 18:02:00-05:00,2025-01-08 18:04:00-05:00,2025-01-08 18:05:00-05:00,3,1,7.0,2025-01-08 18:07:00-05:00,2680.3,2025-01-08 18:07:00-05:00,take_profit,20.000000000027285,0.0,50.0,2679.6,7,2025-01-08 18:07:00-05:00
eth_full,2025-01-10,red,2692.4,long,2692.9,0,3,4,2025-01-09 18:00:00-05:00,2025-01-09 18:03:00-05:00,2025-01-09 18:04:00-05:00,4,1,8.0,2025-01-09 18:08:00-05:00,2692.9,2025-01-09 18:08:00-05:00,take_profit,50.0,0.0,59.999999999990905,2691.8,7,2025-01-09 18:07:00-05:00
eth_full,2025-01-13,red,2716.4,long,2716.8,0,2,3,2025-01-12 18:00:00-05:00,2025-01-12 18:02:00-05:00,2025-01-12 18:03:00-05:00,3,1,4.0,2025-01-12 18:04:00-05:00,2716.8,2025-01-12 18:04:00-05:00,take_profit,40.000000000009095,0.0,220.00000000002728,2714.2,3,2025-01-12 18:03:00-05:00
eth_full,2025-01-14,green,2684.3,short,2681.1,1,12,13,2025-01-13 18:01:00-05:00,2025-01-13 18:12:00-05:00,2025-01-13 18:13:00-05:00,12,1,639.0,2025-01-14 04:39:00-05:00,2681.1,2025-01-14 04:39:00-05:00,take_profit,320.0000000000273,0.0,600.0,2690.3,570,2025-01-14 03:30:00-05:00
eth_full,2025-01-15,red,2693.3,long,2693.6,1,2,3,2025-01-14 18:01:00-05:00,2025-01-14 18:02:00-05:00,2025-01-14 18:03:00-05:00,2,1,3.0,2025-01-14 18:03:00-05:00,2693.6,2025-01-14 18:03:00-05:00,take_profit,29.999999999972715,0.0,50.0,2692.8,3,2025-01-14 18:03:00-05:00
eth_full,2025-01-16,green,2723.0,short,2722.6,2,4,5,2025-01-15 18:02:00-05:00,2025-01-15 18:04:00-05:00,2025-01-15 18:05:00-05:00,3,1,62.0,2025-01-15 19:02:00-05:00,2722.6,2025-01-15 19:02:00-05:00,take_profit,40.000000000009095,0.0,219.9999999999818,2725.2,20,2025-01-15 18:20:00-05:00
eth_full,2025-01-17,red,2745.6,long,2746.8,0,5,6,2025-01-16 18:00:00-05:00,2025-01-16 18:05:00-05:00,2025-01-16 18:06:00-05:00,6,1,7.0,2025-01-16 18:07:00-05:00,2746.8,2025-01-16 18:07:00-05:00,take_profit,120.00000000002728,0.0,19.99999999998181,2745.4,6,2025-01-16 18:06:00-05:00
eth_full,2025-01-20,red,2739.2,long,2740.5,1,3,4,2025-01-19 18:01:00-05:00,2025-01-19 18:03:00-05:00,2025-01-19 18:04:00-05:00,3,1,12.0,2025-01-19 18:12:00-05:00,2740.5,2025-01-19 18:12:00-05:00,take_profit,130.0000000000182,0.0,59.999999999990905,2738.6,4,2025-01-19 18:04:00-05:00
eth_full,2025-01-21,red,2731.5,long,2731.6,0,1,2,2025-01-20 18:00:00-05:00,2025-01-20 18:01:00-05:00,2025-01-20 18:02:00-05:00,2,1,2.0,2025-01-20 18:02:00-05:00,2731.6,2025-01-20 18:02:00-05:00,take_profit,9.999999999990905,0.0,30.00000000001819,2731.2,2,2025-01-20 18:02:00-05:00
eth_full,2025-01-22,red,2758.5,long,2758.7,0,4,5,2025-01-21 18:00:00-05:00,2025-01-21 18:04:00-05:00,2025-01-21 18:05:00-05:00,5,1,6.0,2025-01-21 18:06:00-05:00,2758.7,2025-01-21 18:06:00-05:00,take_profit,19.99999999998181,0.0,130.0000000000182,2757.2,5,2025-01-21 18:05:00-05:00
eth_full,2025-01-23,red,2765.6,long,2766.0,2,5,6,2025-01-22 18:02:00-05:00,2025-01-22 18:05:00-05:00,2025-01-22 18:06:00-05:00,4,1,119.0,2025-01-22 20:00:00-05:00,2766.0,2025-01-22 20:00:00-05:00,take_profit,40.000000000009095,0.0,390.0000000000091,2761.7,64,2025-01-22 19:04:00-05:00
eth_full,2025-01-24,red,2761.2,long,2762.2,1,3,4,2025-01-23 18:01:00-05:00,2025-01-23 18:03:00-05:00,2025-01-23 18:04:00-05:00,3,1,28.0,2025-01-23 18:30:00-05:00,2762.2,2025-01-23 18:30:00-05:00,take_profit,100.0,0.0,19.99999999998181,2761.0,4,2025-01-23 18:04:00-05:00
eth_full,2025-01-27,red,2768.7,long,2778.1,0,4,5,2025-01-26 18:00:00-05:00,2025-01-26 18:04:00-05:00,2025-01-26 18:05:00-05:00,5,0,,,2744.0,2025-01-27 16:50:00-05:00,session_end,0.0,2469.999999999982,3669.999999999982,2732.0,1092,2025-01-27 12:12:00-05:00
eth_full,2025-01-28,green,2742.9,short,2742.4,0,2,3,2025-01-27 18:00:00-05:00,2025-01-27 18:02:00-05:00,2025-01-27 18:03:00-05:00,3,1,18.0,2025-01-27 18:18:00-05:00,2742.4,2025-01-27 18:18:00-05:00,take_profit,50.0,0.0,200.0,2744.9,7,2025-01-27 18:07:00-05:00
eth_full,2025-01-30,red,2771.5,long,2772.5,0,4,5,2025-01-29 18:00:00-05:00,2025-01-29 18:04:00-05:00,2025-01-29 18:05:00-05:00,5,1,35.0,2025-01-29 19:06:00-05:00,2772.5,2025-01-29 19:06:00-05:00,take_profit,100.0,0.0,9.999999999990905,2771.4,5,2025-01-29 18:05:00-05:00
eth_full,2025-02-04,red,2848.7,long,2850.4,0,1,2,2025-02-03 18:00:00-05:00,2025-02-03 18:01:00-05:00,2025-02-03 18:02:00-05:00,2,1,52.0,2025-02-03 18:52:00-05:00,2850.4,2025-02-03 18:52:00-05:00,take_profit,170.00000000002728,0.0,239.99999999996362,2846.3,14,2025-02-03 18:14:00-05:00
eth_full,2025-02-05,green,2872.6,short,2872.5,3,6,7,2025-02-04 18:03:00-05:00,2025-02-04 18:06:00-05:00,2025-02-04 18:07:00-05:00,4,1,7.0,2025-02-04 18:07:00-05:00,2872.5,2025-02-04 18:07:00-05:00,take_profit,9.999999999990905,0.0,9.999999999990905,2872.7,7,2025-02-04 18:07:00-05:00
eth_full,2025-02-07,green,2880.0,short,2879.9,1,2,3,2025-02-06 18:01:00-05:00,2025-02-06 18:02:00-05:00,2025-02-06 18:03:00-05:00,2,1,3.0,2025-02-06 18:03:00-05:00,2879.9,2025-02-06 18:03:00-05:00,take_profit,9.999999999990905,0.0,40.000000000009095,2880.4,3,2025-02-06 18:03:00-05:00
eth_full,2025-02-10,green,2884.8,short,2881.9,1,2,3,2025-02-09 18:01:00-05:00,2025-02-09 18:02:00-05:00,2025-02-09 18:03:00-05:00,2,0,,,2936.0,2025-02-10 16:50:00-05:00,session_end,0.0,5119.999999999982,5329.999999999973,2938.1,1000,2025-02-10 10:40:00-05:00
eth_full,2025-02-11,green,2939.4,short,2937.0,0,3,4,2025-02-10 18:00:00-05:00,2025-02-10 18:03:00-05:00,2025-02-10 18:04:00-05:00,4,1,220.0,2025-02-10 21:40:00-05:00,2937.0,2025-02-10 21:40:00-05:00,take_profit,240.0000000000091,0.0,2909.999999999991,2968.5,196,2025-02-10 21:16:00-05:00
eth_full,2025-02-12,green,2926.7,short,2925.9,1,3,4,2025-02-11 18:01:00-05:00,2025-02-11 18:03:00-05:00,2025-02-11 18:04:00-05:00,3,1,63.0,2025-02-11 19:03:00-05:00,2925.9,2025-02-11 19:03:00-05:00,take_profit,79.99999999997272,0.0,120.00000000002728,2927.9,20,2025-02-11 18:20:00-05:00
eth_full,2025-02-13,green,2929.8,short,2928.8,0,1,2,2025-02-12 18:00:00-05:00,2025-02-12 18:01:00-05:00,2025-02-12 18:02:00-05:00,2,1,20.0,2025-02-12 18:20:00-05:00,2928.8,2025-02-12 18:20:00-05:00,take_profit,100.0,0.0,29.999999999972715,2930.1,2,2025-02-12 18:02:00-05:00
eth_full,2025-02-14,red,2957.4,long,2958.5,1,2,3,2025-02-13 18:01:00-05:00,2025-02-13 18:02:00-05:00,2025-02-13 18:03:00-05:00,2,1,22.0,2025-02-13 18:22:00-05:00,2958.5,2025-02-13 18:22:00-05:00,take_profit,109.9999999999909,0.0,120.00000000002728,2956.2,9,2025-02-13 18:09:00-05:00
eth_full,2025-02-17,green,2901.3,short,2895.1,0,4,5,2025-02-16 18:00:00-05:00,2025-02-16 18:04:00-05:00,2025-02-16 18:05:00-05:00,5,1,23.0,2025-02-16 18:23:00-05:00,2895.1,2025-02-16 18:23:00-05:00,take_profit,620.0000000000273,0.0,279.9999999999727,2904.1,5,2025-02-16 18:05:00-05:00
eth_full,2025-02-18,green,2911.5,short,2911.2,2,3,4,2025-02-17 18:02:00-05:00,2025-02-17 18:03:00-05:00,2025-02-17 18:04:00-05:00,2,1,4.0,2025-02-17 18:04:00-05:00,2911.2,2025-02-17 18:04:00-05:00,take_profit,30.00000000001819,0.0,9.999999999990905,2911.6,4,2025-02-17 18:04:00-05:00
eth_full,2025-02-19,green,2954.5,short,2954.0,1,2,3,2025-02-18 18:01:00-05:00,2025-02-18 18:02:00-05:00,2025-02-18 18:03:00-05:00,2,1,9.0,2025-02-18 18:09:00-05:00,2954.0,2025-02-18 18:09:00-05:00,take_profit,50.0,0.0,50.0,2955.0,5,2025-02-18 18:05:00-05:00
eth_full,2025-02-20,green,2950.4,short,2949.5,0,1,2,2025-02-19 18:00:00-05:00,2025-02-19 18:01:00-05:00,2025-02-19 18:02:00-05:00,2,1,31.0,2025-02-19 18:31:00-05:00,2949.5,2025-02-19 18:31:00-05:00,take_profit,90.0000000000091,0.0,129.99999999997272,2951.7,21,2025-02-19 18:21:00-05:00
eth_full,2025-02-21,green,2956.3,short,2955.6,1,2,3,2025-02-20 18:01:00-05:00,2025-02-20 18:02:00-05:00,2025-02-20 18:03:00-05:00,2,1,4.0,2025-02-20 18:04:00-05:00,2955.6,2025-02-20 18:04:00-05:00,take_profit,70.00000000002728,0.0,29.999999999972715,2956.6,3,2025-02-20 18:03:00-05:00
eth_full,2025-02-24,green,2953.1,short,2948.9,1,4,5,2025-02-23 18:01:00-05:00,2025-02-23 18:04:00-05:00,2025-02-23 18:05:00-05:00,4,1,85.0,2025-02-23 19:25:00-05:00,2948.9,2025-02-23 19:25:00-05:00,take_profit,419.9999999999818,0.0,230.0000000000182,2955.4,18,2025-02-23 18:18:00-05:00
eth_full,2025-02-25,green,2969.5,short,2968.5,0,3,4,2025-02-24 18:00:00-05:00,2025-02-24 18:03:00-05:00,2025-02-24 18:04:00-05:00,4,1,8.0,2025-02-24 18:08:00-05:00,2968.5,2025-02-24 18:08:00-05:00,take_profit,100.0,0.0,80.00000000001819,2970.3,4,2025-02-24 18:04:00-05:00
eth_full,2025-02-26,red,2929.4,long,2929.9,1,2,3,2025-02-25 18:01:00-05:00,2025-02-25 18:02:00-05:00,2025-02-25 18:03:00-05:00,2,1,4.0,2025-02-25 18:04:00-05:00,2929.9,2025-02-25 18:04:00-05:00,take_profit,50.0,0.0,50.0,2928.9,3,2025-02-25 18:03:00-05:00
eth_full,2025-02-27,red,2931.4,long,2932.3,1,5,6,2025-02-26 18:01:00-05:00,2025-02-26 18:05:00-05:00,2025-02-26 18:06:00-05:00,5,1,14.0,2025-02-26 18:14:00-05:00,2932.3,2025-02-26 18:14:00-05:00,take_profit,90.0000000000091,0.0,50.0,2930.9,8,2025-02-26 18:08:00-05:00
eth_full,2025-02-28,red,2886.7,long,2889.0,0,3,4,2025-02-27 18:00:00-05:00,2025-02-27 18:03:00-05:00,2025-02-27 18:04:00-05:00,4,1,83.0,2025-02-27 19:23:00-05:00,2889.0,2025-02-27 19:23:00-05:00,take_profit,230.0000000000182,0.0,189.99999999996362,2884.8,30,2025-02-27 18:30:00-05:00
eth_full,2025-03-03,green,2884.3,short,2872.0,0,3,4,2025-03-02 18:00:00-05:00,2025-03-02 18:03:00-05:00,2025-03-02 18:04:00-05:00,4,1,253.0,2025-03-02 22:13:00-05:00,2872.0,2025-03-02 22:13:00-05:00,take_profit,1230.0000000000182,0.0,419.9999999999818,2888.5,10,2025-03-02 18:10:00-05:00
eth_full,2025-03-04,red,2903.8,long,2904.2,0,1,2,2025-03-03 18:00:00-05:00,2025-03-03 18:01:00-05:00,2025-03-03 18:02:00-05:00,2,1,5.0,2025-03-03 18:05:00-05:00,2904.2,2025-03-03 18:05:00-05:00,take_profit,39.99999999996362,0.0,70.00000000002728,2903.1,2,2025-03-03 18:02:00-05:00
eth_full,2025-03-05,red,2929.0,long,2929.3,1,3,4,2025-03-04 18:01:00-05:00,2025-03-04 18:03:00-05:00,2025-03-04 18:04:00-05:00,3,1,419.0,2025-03-05 00:59:00-05:00,2929.3,2025-03-05 00:59:00-05:00,take_profit,30.00000000001819,0.0,1650.0,2912.5,216,2025-03-04 21:36:00-05:00
eth_full,2025-03-06,red,2929.2,long,2929.7,1,2,3,2025-03-05 18:01:00-05:00,2025-03-05 18:02:00-05:00,2025-03-05 18:03:00-05:00,2,1,4.0,2025-03-05 18:04:00-05:00,2929.7,2025-03-05 18:04:00-05:00,take_profit,50.0,0.0,89.99999999996362,2928.3,3,2025-03-05 18:03:00-05:00
eth_full,2025-03-07,green,2920.3,short,2919.2,0,2,3,2025-03-06 18:00:00-05:00,2025-03-06 18:02:00-05:00,2025-03-06 18:03:00-05:00,3,1,8.0,2025-03-06 18:08:00-05:00,2919.2,2025-03-06 18:08:00-05:00,take_profit,110.00000000003638,0.0,29.999999999972715,2920.6,3,2025-03-06 18:03:00-05:00
eth_full,2025-03-10,green,2921.7,short,2918.5,2,6,7,2025-03-09 18:02:00-04:00,2025-03-09 18:06:00-04:00,2025-03-09 18:07:00-04:00,5,1,15.0,2025-03-09 18:15:00-04:00,2918.5,2025-03-09 18:15:00-04:00,take_profit,319.9999999999818,0.0,160.00000000003638,2923.3,12,2025-03-09 18:12:00-04:00
eth_full,2025-03-11,green,2893.9,short,2892.5,1,3,4,2025-03-10 18:01:00-04:00,2025-03-10 18:03:00-04:00,2025-03-10 18:04:00-04:00,3,1,6.0,2025-03-10 18:06:00-04:00,2892.5,2025-03-10 18:06:00-04:00,take_profit,140.0000000000091,0.0,40.000000000009095,2894.3,4,2025-03-10 18:04:00-04:00
eth_full,2025-03-12,red,2921.7,long,2923.0,1,9,10,2025-03-11 18:01:00-04:00,2025-03-11 18:09:00-04:00,2025-03-11 18:10:00-04:00,9,1,13.0,2025-03-11 18:13:00-04:00,2923.0,2025-03-11 18:13:00-04:00,take_profit,130.0000000000182,0.0,39.99999999996362,2921.3,10,2025-03-11 18:10:00-04:00
eth_full,2025-03-18,green,3010.2,short,3009.4,0,1,2,2025-03-17 18:00:00-04:00,2025-03-17 18:01:00-04:00,2025-03-17 18:02:00-04:00,2,1,5.0,2025-03-17 18:05:00-04:00,3009.4,2025-03-17 18:05:00-04:00,take_profit,79.99999999997272,0.0,10.00000000003638,3010.3,2,2025-03-17 18:02:00-04:00
eth_full,2025-03-19,red,3040.8,long,3041.4,0,1,2,2025-03-18 18:00:00-04:00,2025-03-18 18:01:00-04:00,2025-03-18 18:02:00-04:00,2,1,57.0,2025-03-18 19:00:00-04:00,3041.4,2025-03-18 19:00:00-04:00,take_profit,59.999999999990905,0.0,150.0,3039.3,17,2025-03-18 18:17:00-04:00
eth_full,2025-03-20,red,3058.5,long,3058.6,1,2,3,2025-03-19 18:01:00-04:00,2025-03-19 18:02:00-04:00,2025-03-19 18:03:00-04:00,2,1,4.0,2025-03-19 18:04:00-04:00,3058.6,2025-03-19 18:04:00-04:00,take_profit,9.999999999990905,0.0,50.0,3058.0,3,2025-03-19 18:03:00-04:00
eth_full,2025-03-21,red,3052.5,long,3052.8,1,2,3,2025-03-20 18:01:00-04:00,2025-03-20 18:02:00-04:00,2025-03-20 18:03:00-04:00,2,1,4.0,2025-03-20 18:04:00-04:00,3052.8,2025-03-20 18:04:00-04:00,take_profit,30.00000000001819,0.0,19.99999999998181,3052.3,3,2025-03-20 18:03:00-04:00
eth_full,2025-03-24,green,3027.9,short,3027.6,1,2,3,2025-03-23 18:01:00-04:00,2025-03-23 18:02:00-04:00,2025-03-23 18:03:00-04:00,2,1,4.0,2025-03-23 18:04:00-04:00,3027.6,2025-03-23 18:04:00-04:00,take_profit,30.00000000001819,0.0,129.99999999997272,3029.2,3,2025-03-23 18:03:00-04:00
eth_full,2025-03-25,red,3016.5,long,3017.8,2,6,7,2025-03-24 18:02:00-04:00,2025-03-24 18:06:00-04:00,2025-03-24 18:07:00-04:00,5,1,171.0,2025-03-24 20:51:00-04:00,3017.8,2025-03-24 20:51:00-04:00,take_profit,130.0000000000182,0.0,280.0000000000182,3013.7,121,2025-03-24 20:01:00-04:00
eth_full,2025-03-26,green,3026.4,short,3025.8,0,4,5,2025-03-25 18:00:00-04:00,2025-03-25 18:04:00-04:00,2025-03-25 18:05:00-04:00,5,1,18.0,2025-03-25 18:19:00-04:00,3025.8,2025-03-25 18:19:00-04:00,take_profit,59.999999999990905,0.0,109.9999999999909,3027.5,9,2025-03-25 18:09:00-04:00
eth_full,2025-03-27,red,3025.9,long,3026.6,1,3,4,2025-03-26 18:01:00-04:00,2025-03-26 18:03:00-04:00,2025-03-26 18:04:00-04:00,3,1,119.0,2025-03-26 20:03:00-04:00,3026.6,2025-03-26 20:03:00-04:00,take_profit,69.99999999998181,0.0,359.9999999999909,3022.3,63,2025-03-26 19:07:00-04:00
eth_full,2025-03-28,red,3069.2,long,3069.7,0,5,6,2025-03-27 18:00:00-04:00,2025-03-27 18:06:00-04:00,2025-03-27 18:07:00-04:00,6,1,26.0,2025-03-27 18:40:00-04:00,3069.7,2025-03-27 18:40:00-04:00,take_profit,50.0,0.0,239.99999999996362,3066.8,13,2025-03-27 18:18:00-04:00
eth_full,2025-03-31,green,3122.7,short,3118.8,0,3,4,2025-03-30 18:00:00-04:00,2025-03-30 18:03:00-04:00,2025-03-30 18:04:00-04:00,4,1,147.0,2025-03-30 20:27:00-04:00,3118.8,2025-03-30 20:27:00-04:00,take_profit,389.9999999999636,0.0,560.0000000000364,3128.3,8,2025-03-30 18:08:00-04:00
eth_full,2025-04-01,green,3157.6,short,3157.3,0,1,2,2025-03-31 18:00:00-04:00,2025-03-31 18:01:00-04:00,2025-03-31 18:02:00-04:00,2,1,3.0,2025-03-31 18:03:00-04:00,3157.3,2025-03-31 18:03:00-04:00,take_profit,29.999999999972715,0.0,50.0,3158.1,2,2025-03-31 18:02:00-04:00
eth_full,2025-04-03,red,3171.5,long,3196.6,0,2,3,2025-04-02 18:00:00-04:00,2025-04-02 18:02:00-04:00,2025-04-02 18:03:00-04:00,3,0,,,3137.7,2025-04-03 16:50:00-04:00,session_end,0.0,3380.000000000018,9800.0,3073.5,912,2025-04-03 09:12:00-04:00
eth_full,2025-04-04,green,3136.9,short,3136.6,3,5,6,2025-04-03 18:03:00-04:00,2025-04-03 18:05:00-04:00,2025-04-03 18:06:00-04:00,3,1,8.0,2025-04-03 18:08:00-04:00,3136.6,2025-04-03 18:08:00-04:00,take_profit,30.00000000001819,0.0,59.999999999990905,3137.5,6,2025-04-03 18:06:00-04:00
eth_full,2025-04-07,red,3041.2,long,3055.1,0,1,2,2025-04-06 18:00:00-04:00,2025-04-06 18:01:00-04:00,2025-04-06 18:02:00-04:00,2,1,219.0,2025-04-06 21:39:00-04:00,3055.1,2025-04-06 21:39:00-04:00,take_profit,1390.000000000009,0.0,5619.999999999982,2985.0,130,2025-04-06 20:10:00-04:00
eth_full,2025-04-08,green,3000.3,short,2997.5,0,2,3,2025-04-07 18:00:00-04:00,2025-04-07 18:02:00-04:00,2025-04-07 18:03:00-04:00,3,1,5.0,2025-04-07 18:05:00-04:00,2997.5,2025-04-07 18:05:00-04:00,take_profit,280.0000000000182,0.0,259.9999999999909,3002.9,3,2025-04-07 18:03:00-04:00
eth_full,2025-04-09,red,2997.3,long,2999.4,1,5,6,2025-04-08 18:01:00-04:00,2025-04-08 18:05:00-04:00,2025-04-08 18:06:00-04:00,5,1,64.0,2025-04-08 19:04:00-04:00,2999.4,2025-04-08 19:04:00-04:00,take_profit,209.9999999999909,0.0,400.0,2993.3,49,2025-04-08 18:49:00-04:00
eth_full,2025-04-10,red,3088.1,long,3097.5,2,7,8,2025-04-09 18:02:00-04:00,2025-04-09 18:07:00-04:00,2025-04-09 18:08:00-04:00,6,1,34.0,2025-04-09 18:34:00-04:00,3097.5,2025-04-09 18:34:00-04:00,take_profit,940.0000000000091,0.0,200.0,3086.1,10,2025-04-09 18:10:00-04:00
eth_full,2025-04-11,green,3197.2,short,3194.8,2,4,5,2025-04-10 18:02:00-04:00,2025-04-10 18:04:00-04:00,2025-04-10 18:05:00-04:00,3,0,,,3253.5,2025-04-11 16:50:00-04:00,session_end,0.0,5630.000000000018,6580.000000000018,3263.0,1088,2025-04-11 12:08:00-04:00
eth_full,2025-04-14,red,3233.5,long,3246.0,0,1,2,2025-04-13 18:00:00-04:00,2025-04-13 18:01:00-04:00,2025-04-13 18:02:00-04:00,2,1,207.0,2025-04-13 21:27:00-04:00,3246.0,2025-04-13 21:27:00-04:00,take_profit,1250.0,0.0,630.0000000000182,3227.2,2,2025-04-13 18:02:00-04:00
eth_full,2025-04-15,green,3227.8,short,3226.1,0,1,2,2025-04-14 18:00:00-04:00,2025-04-14 18:01:00-04:00,2025-04-14 18:02:00-04:00,2,1,7.0,2025-04-14 18:07:00-04:00,3226.1,2025-04-14 18:07:00-04:00,take_profit,170.00000000002728,0.0,129.99999999997272,3229.1,3,2025-04-14 18:03:00-04:00
eth_full,2025-04-16,red,3246.2,long,3248.4,0,3,4,2025-04-15 18:00:00-04:00,2025-04-15 18:03:00-04:00,2025-04-15 18:04:00-04:00,4,1,6.0,2025-04-15 18:06:00-04:00,3248.4,2025-04-15 18:06:00-04:00,take_profit,220.00000000002728,0.0,100.0,3245.2,4,2025-04-15 18:04:00-04:00
eth_full,2025-04-17,green,3363.7,short,3357.5,0,2,3,2025-04-16 18:00:00-04:00,2025-04-16 18:02:00-04:00,2025-04-16 18:03:00-04:00,3,1,127.0,2025-04-16 20:07:00-04:00,3357.5,2025-04-16 20:07:00-04:00,take_profit,619.9999999999818,0.0,820.0000000000273,3371.9,20,2025-04-16 18:20:00-04:00
eth_full,2025-04-21,green,3348.9,short,3347.0,0,2,3,2025-04-20 18:00:00-04:00,2025-04-20 18:02:00-04:00,2025-04-20 18:03:00-04:00,3,1,4.0,2025-04-20 18:04:00-04:00,3347.0,2025-04-20 18:04:00-04:00,take_profit,190.0000000000091,0.0,59.999999999990905,3349.5,3,2025-04-20 18:03:00-04:00
eth_full,2025-04-22,green,3441.0,short,3434.9,1,6,7,2025-04-21 18:01:00-04:00,2025-04-21 18:06:00-04:00,2025-04-21 18:07:00-04:00,6,1,123.0,2025-04-21 20:03:00-04:00,3434.9,2025-04-21 20:03:00-04:00,take_profit,609.9999999999909,0.0,1490.000000000009,3455.9,95,2025-04-21 19:35:00-04:00
eth_full,2025-04-23,red,3336.3,long,3348.7,2,4,5,2025-04-22 18:02:00-04:00,2025-04-22 18:04:00-04:00,2025-04-22 18:05:00-04:00,3,1,10.0,2025-04-22 18:10:00-04:00,3348.7,2025-04-22 18:10:00-04:00,take_profit,1239.9999999999636,0.0,1120.0000000000273,3325.1,5,2025-04-22 18:05:00-04:00
eth_full,2025-04-24,green,3320.1,short,3301.8,0,5,6,2025-04-23 18:00:00-04:00,2025-04-23 18:05:00-04:00,2025-04-23 18:06:00-04:00,6,0,,,3360.3,2025-04-24 16:50:00-04:00,session_end,0.0,4020.0000000000273,5690.000000000009,3377.0,219,2025-04-23 21:39:00-04:00
eth_full,2025-04-25,green,3369.2,short,3368.5,2,4,5,2025-04-24 18:02:00-04:00,2025-04-24 18:04:00-04:00,2025-04-24 18:05:00-04:00,3,1,81.0,2025-04-24 19:21:00-04:00,3368.5,2025-04-24 19:21:00-04:00,take_profit,69.99999999998181,0.0,1490.000000000009,3384.1,37,2025-04-24 18:37:00-04:00
eth_full,2025-04-28,red,3335.2,long,3341.9,1,2,3,2025-04-27 18:01:00-04:00,2025-04-27 18:02:00-04:00,2025-04-27 18:03:00-04:00,2,1,1000.0,2025-04-28 10:40:00-04:00,3341.9,2025-04-28 10:40:00-04:00,take_profit,670.0000000000273,0.0,5719.999999999982,3278.0,253,2025-04-27 22:13:00-04:00
eth_full,2025-04-29,green,3356.1,short,3354.9,0,2,3,2025-04-28 18:00:00-04:00,2025-04-28 18:02:00-04:00,2025-04-28 18:03:00-04:00,3,1,6.0,2025-04-28 18:06:00-04:00,3354.9,2025-04-28 18:06:00-04:00,take_profit,119.99999999998181,0.0,200.0,3358.1,3,2025-04-28 18:03:00-04:00
eth_full,2025-04-30,green,3327.2,short,3324.5,0,1,2,2025-04-29 18:00:00-04:00,2025-04-29 18:01:00-04:00,2025-04-29 18:02:00-04:00,2,1,67.0,2025-04-29 19:07:00-04:00,3324.5,2025-04-29 19:07:00-04:00,take_profit,269.9999999999818,0.0,560.0000000000364,3332.8,8,2025-04-29 18:08:00-04:00
eth_full,2025-05-01,red,3297.0,long,3298.6,2,4,5,2025-04-30 18:02:00-04:00,2025-04-30 18:04:00-04:00,2025-04-30 18:05:00-04:00,3,0,,,3247.4,2025-05-01 16:50:00-04:00,session_end,0.0,4959.999999999991,8759.99999999999,3209.4,842,2025-05-01 08:02:00-04:00
eth_full,2025-05-02,red,3248.0,long,3250.0,1,3,4,2025-05-01 18:01:00-04:00,2025-05-01 18:03:00-04:00,2025-05-01 18:04:00-04:00,3,1,5.0,2025-05-01 18:05:00-04:00,3250.0,2025-05-01 18:05:00-04:00,take_profit,200.0,0.0,100.0,3247.0,4,2025-05-01 18:04:00-04:00
eth_full,2025-05-05,red,3246.2,long,3249.2,1,2,3,2025-05-04 18:01:00-04:00,2025-05-04 18:02:00-04:00,2025-05-04 18:03:00-04:00,2,1,40.0,2025-05-04 18:40:00-04:00,3249.2,2025-05-04 18:40:00-04:00,take_profit,300.0,0.0,309.9999999999909,3243.1,11,2025-05-04 18:11:00-04:00
eth_full,2025-05-07,red,3413.4,long,3426.4,6,8,9,2025-05-06 18:06:00-04:00,2025-05-06 18:08:00-04:00,2025-05-06 18:09:00-04:00,3,0,,,3373.9,2025-05-07 16:50:00-04:00,session_end,0.0,3950.0,4640.000000000009,3367.0,169,2025-05-06 20:49:00-04:00
eth_full,2025-05-08,green,3380.0,short,3373.1,0,6,7,2025-05-07 18:00:00-04:00,2025-05-07 18:06:00-04:00,2025-05-07 18:07:00-04:00,7,1,473.0,2025-05-08 01:53:00-04:00,3373.1,2025-05-08 01:53:00-04:00,take_profit,690.0000000000091,0.0,4200.0,3422.0,242,2025-05-07 22:02:00-04:00
eth_full,2025-05-09,green,3314.5,short,3311.3,2,3,4,2025-05-08 18:02:00-04:00,2025-05-08 18:03:00-04:00,2025-05-08 18:04:00-04:00,2,1,202.0,2025-05-08 21:22:00-04:00,3311.3,2025-05-08 21:22:00-04:00,take_profit,319.9999999999818,0.0,1450.0,3329.0,60,2025-05-08 19:00:00-04:00
eth_full,2025-05-13,green,3243.1,short,3240.7,0,2,3,2025-05-12 18:00:00-04:00,2025-05-12 18:02:00-04:00,2025-05-12 18:03:00-04:00,3,1,5.0,2025-05-12 18:05:00-04:00,3240.7,2025-05-12 18:05:00-04:00,take_profit,240.0000000000091,0.0,309.9999999999909,3246.2,3,2025-05-12 18:03:00-04:00
eth_full,2025-05-14,green,3256.3,short,3255.7,2,3,4,2025-05-13 18:02:00-04:00,2025-05-13 18:03:00-04:00,2025-05-13 18:04:00-04:00,2,1,5.0,2025-05-13 18:05:00-04:00,3255.7,2025-05-13 18:05:00-04:00,take_profit,60.00000000003638,0.0,79.99999999997272,3257.1,4,2025-05-13 18:04:00-04:00
eth_full,2025-05-15,green,3184.7,short,3181.2,2,8,9,2025-05-14 18:02:00-04:00,2025-05-14 18:08:00-04:00,2025-05-14 18:09:00-04:00,7,1,223.0,2025-05-14 21:44:00-04:00,3181.2,2025-05-14 21:44:00-04:00,take_profit,350.0,0.0,1090.000000000009,3195.6,182,2025-05-14 21:03:00-04:00
eth_full,2025-05-16,red,3241.7,long,3243.5,0,1,2,2025-05-15 18:00:00-04:00,2025-05-15 18:01:00-04:00,2025-05-15 18:02:00-04:00,2,1,3.0,2025-05-15 18:03:00-04:00,3243.5,2025-05-15 18:03:00-04:00,take_profit,180.0000000000182,0.0,119.99999999998181,3240.5,2,2025-05-15 18:02:00-04:00
eth_full,2025-05-19,green,3220.9,short,3218.0,1,2,3,2025-05-18 18:01:00-04:00,2025-05-18 18:02:00-04:00,2025-05-18 18:03:00-04:00,2,1,5.0,2025-05-18 18:05:00-04:00,3218.0,2025-05-18 18:05:00-04:00,take_profit,290.0000000000091,0.0,469.9999999999818,3225.6,3,2025-05-18 18:03:00-04:00
eth_full,2025-05-20,red,3230.7,long,3233.0,0,1,2,2025-05-19 18:00:00-04:00,2025-05-19 18:01:00-04:00,2025-05-19 18:02:00-04:00,2,1,8.0,2025-05-19 18:08:00-04:00,3233.0,2025-05-19 18:08:00-04:00,take_profit,230.0000000000182,0.0,69.99999999998181,3230.0,2,2025-05-19 18:02:00-04:00
eth_full,2025-05-22,green,3318.7,short,3318.1,2,5,6,2025-05-21 18:02:00-04:00,2025-05-21 18:05:00-04:00,2025-05-21 18:06:00-04:00,4,1,7.0,2025-05-21 18:07:00-04:00,3318.1,2025-05-21 18:07:00-04:00,take_profit,59.999999999990905,0.0,80.00000000001819,3319.5,6,2025-05-21 18:06:00-04:00
eth_full,2025-05-23,green,3297.1,short,3295.1,0,6,7,2025-05-22 18:00:00-04:00,2025-05-22 18:06:00-04:00,2025-05-22 18:07:00-04:00,7,1,18.0,2025-05-22 18:18:00-04:00,3295.1,2025-05-22 18:18:00-04:00,take_profit,200.0,0.0,90.0000000000091,3298.0,7,2025-05-22 18:07:00-04:00
eth_full,2025-05-26,red,3354.8,long,3355.6,0,1,2,2025-05-25 18:00:00-04:00,2025-05-25 18:01:00-04:00,2025-05-25 18:02:00-04:00,2,1,3.0,2025-05-25 18:03:00-04:00,3355.6,2025-05-25 18:03:00-04:00,take_profit,79.99999999997272,0.0,210.00000000003638,3352.7,2,2025-05-25 18:02:00-04:00
eth_full,2025-05-27,green,3346.1,short,3342.8,0,3,4,2025-05-26 18:00:00-04:00,2025-05-26 18:03:00-04:00,2025-05-26 18:04:00-04:00,4,1,157.0,2025-05-26 20:40:00-04:00,3342.8,2025-05-26 20:40:00-04:00,take_profit,329.9999999999727,0.0,359.9999999999909,3349.7,132,2025-05-26 20:15:00-04:00
eth_full,2025-05-28,green,3303.6,short,3301.4,2,5,6,2025-05-27 18:02:00-04:00,2025-05-27 18:05:00-04:00,2025-05-27 18:06:00-04:00,4,1,57.0,2025-05-27 18:59:00-04:00,3301.4,2025-05-27 18:59:00-04:00,take_profit,219.9999999999818,0.0,80.00000000001819,3304.4,6,2025-05-27 18:06:00-04:00
eth_full,2025-05-29,green,3285.5,short,3282.9,1,3,4,2025-05-28 18:01:00-04:00,2025-05-28 18:03:00-04:00,2025-05-28 18:04:00-04:00,3,1,21.0,2025-05-28 18:22:00-04:00,3282.9,2025-05-28 18:22:00-04:00,take_profit,259.9999999999909,0.0,480.0000000000182,3290.3,8,2025-05-28 18:08:00-04:00
eth_full,2025-05-30,green,3341.1,short,3315.1,0,6,7,2025-05-29 18:31:00-04:00,2025-05-29 20:04:00-04:00,2025-05-29 20:05:00-04:00,7,1,227.0,2025-05-29 23:45:00-04:00,3315.1,2025-05-29 23:45:00-04:00,take_profit,2600.0,0.0,590.0000000000091,3347.0,84,2025-05-29 21:22:00-04:00
