session_date,bar,enter_price,action,take_profit,start_index,end_index,start_time,end_time,length,tp_hit,tp_hit_index,tp_hit_time,exit_price,exit_time,exit_reason,profit,loss,max_drawdown_ticks,max_drawdown_price,max_drawdown_index,max_drawdown_time
2025-05-01,red,98.2875,long,98.45,1,2,2025-05-01 09:31:00-04:00,2025-05-01 09:32:00-04:00,2,1,5.0,2025-05-01 09:35:00-04:00,98.45,2025-05-01 09:35:00-04:00,take_profit,65.00000000000341,0.0,25.0,98.225,3,2025-05-01 09:33:00-04:00
2025-05-02,red,97.9625,long,98.45,1,3,2025-05-02 09:31:00-04:00,2025-05-02 09:33:00-04:00,3,1,87.0,2025-05-02 10:57:00-04:00,98.45,2025-05-02 10:57:00-04:00,take_profit,194.99999999999886,0.0,125.0,97.65,46,2025-05-02 10:16:00-04:00
2025-05-05,red,99.1125,long,99.4,1,2,2025-05-05 09:31:00-04:00,2025-05-05 09:32:00-04:00,2,1,53.0,2025-05-05 10:23:00-04:00,99.4,2025-05-05 10:23:00-04:00,take_profit,115.00000000000341,0.0,194.99999999999886,98.625,28,2025-05-05 09:58:00-04:00
2025-05-06,red,97.775,long,98.175,2,3,2025-05-06 09:32:00-04:00,2025-05-06 09:33:00-04:00,2,1,59.0,2025-05-06 10:29:00-04:00,98.175,2025-05-06 10:29:00-04:00,take_profit,159.9999999999966,0.0,290.0000000000034,97.05,9,2025-05-06 09:39:00-04:00
2025-05-07,green,97.51249999999999,short,97.475,0,1,2025-05-07 09:30:00-04:00,2025-05-07 09:31:00-04:00,2,1,2.0,2025-05-07 09:32:00-04:00,97.475,2025-05-07 09:32:00-04:00,take_profit,14.999999999997726,0.0,75.00000000000568,97.7,2,2025-05-07 09:32:00-04:00
2025-05-08,red,96.7875,long,97.125,0,2,2025-05-08 09:30:00-04:00,2025-05-08 09:32:00-04:00,3,1,11.0,2025-05-08 09:41:00-04:00,97.125,2025-05-08 09:41:00-04:00,take_profit,135.00000000000227,0.0,44.99999999999886,96.675,3,2025-05-08 09:33:00-04:00
2025-05-12,green,99.6,short,99.025,0,4,2025-05-12 09:30:00-04:00,2025-05-12 09:34:00-04:00,5,1,22.0,2025-05-12 09:52:00-04:00,99.025,2025-05-12 09:52:00-04:00,take_profit,229.99999999999545,0.0,110.00000000000227,99.875,8,2025-05-12 09:38:00-04:00
2025-05-13,green,97.9875,short,97.7,1,4,2025-05-13 09:31:00-04:00,2025-05-13 09:34:00-04:00,4,1,23.0,2025-05-13 09:53:00-04:00,97.7,2025-05-13 09:53:00-04:00,take_profit,114.99999999999773,0.0,125.0,98.3,9,2025-05-13 09:39:00-04:00
2025-05-14,red,98.98750000000001,long,99.55,0,2,2025-05-14 09:30:00-04:00,2025-05-14 09:32:00-04:00,3,0,,,98.775,2025-05-14 13:55:00-04:00,session_end,0.0,85.00000000000227,425.0000000000057,97.925,67,2025-05-14 10:37:00-04:00
2025-05-15,red,98.4,long,98.5,0,1,2025-05-15 09:30:00-04:00,2025-05-15 09:31:00-04:00,2,1,2.0,2025-05-15 09:32:00-04:00,98.5,2025-05-15 09:32:00-04:00,take_profit,39.999999999997726,0.0,30.000000000001137,98.325,2,2025-05-15 09:32:00-04:00
2025-05-16,red,100.82499999999999,long,101.025,3,4,2025-05-16 09:33:00-04:00,2025-05-16 09:34:00-04:00,2,1,9.0,2025-05-16 09:39:00-04:00,101.025,2025-05-16 09:39:00-04:00,take_profit,80.00000000000682,0.0,89.99999999999773,100.6,5,2025-05-16 09:35:00-04:00
2025-05-19,red,103.35,long,104.2,0,5,2025-05-19 09:30:00-04:00,2025-05-19 09:35:00-04:00,6,1,59.0,2025-05-19 10:29:00-04:00,104.2,2025-05-19 10:29:00-04:00,take_profit,340.0000000000034,0.0,229.99999999999545,102.775,12,2025-05-19 09:42:00-04:00
2025-05-20,red,102.775,long,103.925,0,7,2025-05-20 09:30:00-04:00,2025-05-20 09:37:00-04:00,8,0,,,103.45,2025-05-20 13:55:00-04:00,session_end,269.99999999999886,0.0,140.0000000000034,102.425,47,2025-05-20 10:17:00-04:00
2025-05-21,green,103.61250000000001,short,103.4,1,2,2025-05-21 09:31:00-04:00,2025-05-21 09:32:00-04:00,2,1,5.0,2025-05-21 09:35:00-04:00,103.4,2025-05-21 09:35:00-04:00,take_profit,85.00000000000227,0.0,14.999999999997726,103.65,3,2025-05-21 09:33:00-04:00
2025-05-22,red,102.0,long,102.5,0,6,2025-05-22 09:30:00-04:00,2025-05-22 09:36:00-04:00,7,1,9.0,2025-05-22 09:39:00-04:00,102.5,2025-05-22 09:39:00-04:00,take_profit,200.0,0.0,50.0,101.875,7,2025-05-22 09:37:00-04:00
2025-05-23,green,101.5375,short,101.4,0,1,2025-05-23 09:30:00-04:00,2025-05-23 09:31:00-04:00,2,1,62.0,2025-05-23 10:32:00-04:00,101.4,2025-05-23 10:32:00-04:00,take_profit,54.99999999999545,0.0,315.0000000000034,102.325,28,2025-05-23 09:58:00-04:00
2025-05-27,red,100.9125,long,101.475,2,8,2025-05-27 09:32:00-04:00,2025-05-27 09:38:00-04:00,7,1,35.0,2025-05-27 10:05:00-04:00,101.475,2025-05-27 10:05:00-04:00,take_profit,225.0,0.0,44.99999999999886,100.8,13,2025-05-27 09:43:00-04:00
2025-05-28,green,102.8875,short,102.45,0,1,2025-05-28 09:30:00-04:00,2025-05-28 09:31:00-04:00,2,1,131.0,2025-05-28 11:42:00-04:00,102.45,2025-05-28 11:42:00-04:00,take_profit,175.0,0.0,334.9999999999966,103.725,19,2025-05-28 09:49:00-04:00
2025-05-29,red,103.0125,long,103.4,0,5,2025-05-29 09:30:00-04:00,2025-05-29 09:35:00-04:00,6,1,12.0,2025-05-29 09:42:00-04:00,103.4,2025-05-29 09:42:00-04:00,take_profit,155.00000000000114,0.0,55.00000000000114,102.875,6,2025-05-29 09:36:00-04:00
2025-05-30,red,102.9875,long,103.3,1,3,2025-05-30 09:31:00-04:00,2025-05-30 09:33:00-04:00,3,1,19.0,2025-05-30 09:49:00-04:00,103.3,2025-05-30 09:49:00-04:00,take_profit,125.0,0.0,44.99999999999886,102.875,5,2025-05-30 09:35:00-04:00
2025-06-02,green,105.4375,short,104.975,2,5,2025-06-02 09:32:00-04:00,2025-06-02 09:35:00-04:00,4,1,32.0,2025-06-02 10:02:00-04:00,104.975,2025-06-02 10:02:00-04:00,take_profit,185.00000000000227,0.0,44.99999999999886,105.55,8,2025-06-02 09:38:00-04:00
2025-06-03,green,104.975,short,104.725,1,3,2025-06-03 09:31:00-04:00,2025-06-03 09:33:00-04:00,3,1,22.0,2025-06-03 09:52:00-04:00,104.725,2025-06-03 09:52:00-04:00,take_profit,100.0,0.0,100.0,105.225,12,2025-06-03 09:42:00-04:00
2025-06-04,green,104.8625,short,104.625,0,1,2025-06-04 09:30:00-04:00,2025-06-04 09:31:00-04:00,2,1,8.0,2025-06-04 09:38:00-04:00,104.625,2025-06-04 09:38:00-04:00,take_profit,94.99999999999886,0.0,135.00000000000227,105.2,6,2025-06-04 09:36:00-04:00
2025-06-05,red,104.925,long,105.225,0,4,2025-06-05 09:30:00-04:00,2025-06-05 09:34:00-04:00,5,1,20.0,2025-06-05 09:50:00-04:00,105.225,2025-06-05 09:50:00-04:00,take_profit,119.99999999999886,0.0,100.0,104.675,10,2025-06-05 09:40:00-04:00
2025-06-06,green,105.45,short,105.125,1,3,2025-06-06 09:31:00-04:00,2025-06-06 09:33:00-04:00,3,0,,,107.175,2025-06-06 13:55:00-04:00,session_end,0.0,689.9999999999977,719.9999999999989,107.25,182,2025-06-06 12:32:00-04:00
2025-06-09,red,106.57499999999999,long,106.725,2,3,2025-06-09 09:32:00-04:00,2025-06-09 09:33:00-04:00,2,1,5.0,2025-06-09 09:35:00-04:00,106.725,2025-06-09 09:35:00-04:00,take_profit,60.000000000002274,0.0,59.99999999999659,106.425,4,2025-06-09 09:34:00-04:00
2025-06-10,green,107.8125,short,107.15,0,3,2025-06-10 09:30:00-04:00,2025-06-10 09:33:00-04:00,4,0,,,108.15,2025-06-10 13:55:00-04:00,session_end,0.0,135.00000000000227,244.99999999999886,108.425,65,2025-06-10 10:35:00-04:00
2025-06-11,red,108.4875,long,108.7,3,5,2025-06-11 09:33:00-04:00,2025-06-11 09:35:00-04:00,3,1,7.0,2025-06-11 09:37:00-04:00,108.7,2025-06-11 09:37:00-04:00,take_profit,85.00000000000227,0.0,55.00000000000114,108.35,6,2025-06-11 09:36:00-04:00
2025-06-12,red,108.8,long,108.85,0,1,2025-06-12 09:30:00-04:00,2025-06-12 09:31:00-04:00,2,1,2.0,2025-06-12 09:32:00-04:00,108.85,2025-06-12 09:32:00-04:00,take_profit,19.999999999998863,0.0,59.99999999999659,108.65,2,2025-06-12 09:32:00-04:00
2025-06-13,red,108.2375,long,108.825,0,6,2025-06-13 09:30:00-04:00,2025-06-13 09:36:00-04:00,7,1,134.0,2025-06-13 11:44:00-04:00,108.825,2025-06-13 11:44:00-04:00,take_profit,235.00000000000227,0.0,205.00000000000114,107.725,54,2025-06-13 10:24:00-04:00
2025-06-16,green,111.775,short,111.0,0,4,2025-06-16 09:30:00-04:00,2025-06-16 09:34:00-04:00,5,0,,,112.625,2025-06-16 13:55:00-04:00,session_end,0.0,339.9999999999977,409.9999999999966,112.8,260,2025-06-16 13:51:00-04:00
2025-06-17,red,112.9375,long,112.95,0,2,2025-06-17 09:30:00-04:00,2025-06-17 09:32:00-04:00,3,1,3.0,2025-06-17 09:33:00-04:00,112.95,2025-06-17 09:33:00-04:00,take_profit,5.000000000001137,0.0,55.00000000000114,112.8,3,2025-06-17 09:33:00-04:00
2025-06-18,green,112.9625,short,112.25,0,4,2025-06-18 09:30:00-04:00,2025-06-18 09:34:00-04:00,5,1,20.0,2025-06-18 09:50:00-04:00,112.25,2025-06-18 09:50:00-04:00,take_profit,285.0000000000023,0.0,64.99999999999773,113.125,5,2025-06-18 09:35:00-04:00
2025-06-20,green,111.98750000000001,short,111.875,0,1,2025-06-20 09:30:00-04:00,2025-06-20 09:31:00-04:00,2,1,2.0,2025-06-20 09:32:00-04:00,111.875,2025-06-20 09:32:00-04:00,take_profit,45.00000000000455,0.0,44.99999999999318,112.1,2,2025-06-20 09:32:00-04:00
2025-06-23,red,112.6375,long,112.8,0,2,2025-06-23 09:30:00-04:00,2025-06-23 09:32:00-04:00,3,1,4.0,2025-06-23 09:34:00-04:00,112.8,2025-06-23 09:34:00-04:00,take_profit,64.99999999999773,0.0,25.0,112.575,3,2025-06-23 09:33:00-04:00
2025-06-24,red,112.15,long,113.125,0,4,2025-06-24 09:30:00-04:00,2025-06-24 09:34:00-04:00,5,0,,,111.125,2025-06-24 13:55:00-04:00,session_end,0.0,410.0000000000023,560.0000000000023,110.75,42,2025-06-24 10:12:00-04:00
2025-06-25,green,110.7125,short,110.625,9,10,2025-06-25 09:39:00-04:00,2025-06-25 09:40:00-04:00,2,1,12.0,2025-06-25 09:42:00-04:00,110.625,2025-06-25 09:42:00-04:00,take_profit,35.000000000002274,0.0,25.0,110.775,11,2025-06-25 09:41:00-04:00
2025-06-26,red,111.0375,long,111.45,0,3,2025-06-26 09:30:00-04:00,2025-06-26 09:33:00-04:00,4,1,35.0,2025-06-26 10:05:00-04:00,111.45,2025-06-26 10:05:00-04:00,take_profit,165.0000000000034,0.0,75.0,110.85,4,2025-06-26 09:34:00-04:00
2025-06-27,green,108.8625,short,108.825,3,4,2025-06-27 09:33:00-04:00,2025-06-27 09:34:00-04:00,2,1,5.0,2025-06-27 09:35:00-04:00,108.825,2025-06-27 09:35:00-04:00,take_profit,14.999999999997726,0.0,25.0,108.925,5,2025-06-27 09:35:00-04:00
2025-06-30,red,107.61250000000001,long,109.275,0,5,2025-06-30 09:30:00-04:00,2025-06-30 09:35:00-04:00,6,0,,,107.4,2025-06-30 13:55:00-04:00,session_end,0.0,85.00000000000227,135.00000000000227,107.275,209,2025-06-30 12:59:00-04:00
2025-07-01,green,107.42500000000001,short,106.9,1,4,2025-07-01 09:31:00-04:00,2025-07-01 09:34:00-04:00,4,1,118.0,2025-07-01 11:28:00-04:00,106.9,2025-07-01 11:28:00-04:00,take_profit,210.00000000000227,0.0,239.99999999999773,108.025,48,2025-07-01 10:18:00-04:00
2025-07-02,green,106.7625,short,106.6,0,1,2025-07-02 09:30:00-04:00,2025-07-02 09:31:00-04:00,2,1,2.0,2025-07-02 09:32:00-04:00,106.6,2025-07-02 09:32:00-04:00,take_profit,65.00000000000341,0.0,14.999999999997726,106.8,2,2025-07-02 09:32:00-04:00
2025-07-03,green,107.5375,short,107.425,0,1,2025-07-03 09:30:00-04:00,2025-07-03 09:31:00-04:00,2,1,2.0,2025-07-03 09:32:00-04:00,107.425,2025-07-03 09:32:00-04:00,take_profit,44.99999999999886,0.0,25.0,107.6,2,2025-07-03 09:32:00-04:00
2025-07-07,green,106.4875,short,105.75,2,6,2025-07-07 09:32:00-04:00,2025-07-07 09:36:00-04:00,5,0,,,107.175,2025-07-07 13:55:00-04:00,session_end,0.0,275.0,494.99999999999886,107.725,167,2025-07-07 12:17:00-04:00
2025-07-08,red,107.2375,long,107.65,1,2,2025-07-08 09:31:00-04:00,2025-07-08 09:32:00-04:00,2,0,,,106.675,2025-07-08 13:55:00-04:00,session_end,0.0,225.0,314.9999999999977,106.45,170,2025-07-08 12:20:00-04:00
2025-07-09,red,106.4375,long,106.65,1,2,2025-07-09 09:31:00-04:00,2025-07-09 09:32:00-04:00,2,1,6.0,2025-07-09 09:36:00-04:00,106.65,2025-07-09 09:36:00-04:00,take_profit,85.00000000000227,0.0,25.0,106.375,4,2025-07-09 09:34:00-04:00
2025-07-10,green,107.825,short,107.45,0,1,2025-07-10 09:30:00-04:00,2025-07-10 09:31:00-04:00,2,1,11.0,2025-07-10 09:41:00-04:00,107.45,2025-07-10 09:41:00-04:00,take_profit,150.0,0.0,30.000000000001137,107.9,2,2025-07-10 09:32:00-04:00
2025-07-11,red,106.6,long,106.8,0,1,2025-07-11 09:30:00-04:00,2025-07-11 09:31:00-04:00,2,1,6.0,2025-07-11 09:36:00-04:00,106.8,2025-07-11 09:36:00-04:00,take_profit,80.00000000000114,0.0,79.99999999999545,106.4,5,2025-07-11 09:35:00-04:00
2025-07-14,red,104.44999999999999,long,104.85,0,1,2025-07-14 09:30:00-04:00,2025-07-14 09:31:00-04:00,2,0,,,103.45,2025-07-14 13:55:00-04:00,session_end,0.0,399.9999999999943,699.9999999999943,102.7,147,2025-07-14 11:57:00-04:00
2025-07-15,red,103.32499999999999,long,103.875,0,3,2025-07-15 09:30:00-04:00,2025-07-15 09:33:00-04:00,4,1,47.0,2025-07-15 10:17:00-04:00,103.875,2025-07-15 10:17:00-04:00,take_profit,220.00000000000455,0.0,89.99999999999773,103.1,6,2025-07-15 09:36:00-04:00
2025-07-16,green,105.0,short,104.525,1,3,2025-07-16 09:31:00-04:00,2025-07-16 09:33:00-04:00,3,1,71.0,2025-07-16 10:41:00-04:00,104.525,2025-07-16 10:41:00-04:00,take_profit,189.99999999999773,0.0,189.99999999999773,105.475,42,2025-07-16 10:12:00-04:00
2025-07-17,red,88.9,long,89.5,1,4,2025-07-17 09:31:00-04:00,2025-07-17 09:34:00-04:00,4,1,38.0,2025-07-17 10:08:00-04:00,89.5,2025-07-17 10:08:00-04:00,take_profit,239.99999999999773,0.0,60.000000000002274,88.75,5,2025-07-17 09:35:00-04:00
2025-07-18,green,106.45,short,106.35,3,4,2025-07-18 09:33:00-04:00,2025-07-18 09:34:00-04:00,2,1,5.0,2025-07-18 09:35:00-04:00,106.35,2025-07-18 09:35:00-04:00,take_profit,40.00000000000341,0.0,30.000000000001137,106.525,5,2025-07-18 09:35:00-04:00
2025-07-21,red,90.55000000000001,long,90.8,0,2,2025-07-21 09:30:00-04:00,2025-07-21 09:32:00-04:00,3,1,7.0,2025-07-21 09:37:00-04:00,90.8,2025-07-21 09:37:00-04:00,take_profit,99.99999999999432,0.0,30.00000000000682,90.475,3,2025-07-21 09:33:00-04:00
2025-07-22,green,91.0875,short,91.025,3,4,2025-07-22 09:33:00-04:00,2025-07-22 09:34:00-04:00,2,1,6.0,2025-07-22 09:36:00-04:00,91.025,2025-07-22 09:36:00-04:00,take_profit,25.0,0.0,14.999999999997726,91.125,5,2025-07-22 09:35:00-04:00
2025-07-23,red,90.15,long,90.525,0,1,2025-07-23 09:30:00-04:00,2025-07-23 09:31:00-04:00,2,1,10.0,2025-07-23 09:40:00-04:00,90.525,2025-07-23 09:40:00-04:00,take_profit,150.0,0.0,50.0,90.025,2,2025-07-23 09:32:00-04:00
2025-07-24,red,90.475,long,90.875,0,1,2025-07-24 09:30:00-04:00,2025-07-24 09:31:00-04:00,2,1,50.0,2025-07-24 10:20:00-04:00,90.875,2025-07-24 10:20:00-04:00,take_profit,160.00000000000227,0.0,159.9999999999966,90.075,13,2025-07-24 09:43:00-04:00
2025-07-25,red,90.2125,long,90.925,0,4,2025-07-25 09:30:00-04:00,2025-07-25 09:34:00-04:00,5,1,33.0,2025-07-25 10:03:00-04:00,90.925,2025-07-25 10:03:00-04:00,take_profit,284.9999999999966,0.0,45.00000000000455,90.1,5,2025-07-25 09:35:00-04:00
2025-07-28,red,90.0125,long,91.0,0,1,2025-07-28 09:30:00-04:00,2025-07-28 09:31:00-04:00,2,0,,,90.85,2025-07-28 13:55:00-04:00,session_end,334.9999999999966,0.0,25.0,89.95,2,2025-07-28 09:32:00-04:00
2025-07-29,red,90.1375,long,90.475,0,2,2025-07-29 09:30:00-04:00,2025-07-29 09:32:00-04:00,3,0,,,88.725,2025-07-29 13:55:00-04:00,session_end,0.0,565.0000000000034,725.0,88.325,133,2025-07-29 11:44:00-04:00
2025-07-30,red,88.375,long,88.55,0,1,2025-07-30 09:30:00-04:00,2025-07-30 09:31:00-04:00,2,1,5.0,2025-07-30 09:35:00-04:00,88.55,2025-07-30 09:35:00-04:00,take_profit,69.99999999999886,0.0,39.999999999997726,88.275,2,2025-07-30 09:32:00-04:00
2025-07-31,red,89.0,long,89.4,0,2,2025-07-31 09:30:00-04:00,2025-07-31 09:32:00-04:00,3,1,22.0,2025-07-31 09:52:00-04:00,89.4,2025-07-31 09:52:00-04:00,take_profit,160.00000000000227,0.0,39.999999999997726,88.9,3,2025-07-31 09:33:00-04:00
2025-08-01,green,89.55000000000001,short,89.2,3,5,2025-08-01 09:33:00-04:00,2025-08-01 09:35:00-04:00,3,1,26.0,2025-08-01 09:56:00-04:00,89.2,2025-08-01 09:56:00-04:00,take_profit,140.0000000000034,0.0,129.99999999999545,89.875,17,2025-08-01 09:47:00-04:00
2025-08-04,green,90.4375,short,90.325,0,1,2025-08-04 09:30:00-04:00,2025-08-04 09:31:00-04:00,2,1,2.0,2025-08-04 09:32:00-04:00,90.325,2025-08-04 09:32:00-04:00,take_profit,44.99999999999886,0.0,64.99999999999773,90.6,2,2025-08-04 09:32:00-04:00
2025-08-05,green,90.9875,short,90.9,0,1,2025-08-05 09:30:00-04:00,2025-08-05 09:31:00-04:00,2,1,2.0,2025-08-05 09:32:00-04:00,90.9,2025-08-05 09:32:00-04:00,take_profit,34.99999999999659,0.0,5.000000000001137,91.0,2,2025-08-05 09:32:00-04:00
2025-08-06,green,93.23750000000001,short,92.85,0,2,2025-08-06 09:30:00-04:00,2025-08-06 09:32:00-04:00,3,1,32.0,2025-08-06 10:02:00-04:00,92.85,2025-08-06 10:02:00-04:00,take_profit,155.00000000000682,0.0,14.999999999997726,93.275,3,2025-08-06 09:33:00-04:00
2025-08-07,red,91.825,long,92.0,4,10,2025-08-07 09:34:00-04:00,2025-08-07 09:40:00-04:00,7,1,15.0,2025-08-07 09:45:00-04:00,92.0,2025-08-07 09:45:00-04:00,take_profit,69.99999999999886,0.0,50.0,91.7,13,2025-08-07 09:43:00-04:00
2025-08-08,green,90.8375,short,90.7,1,2,2025-08-08 09:31:00-04:00,2025-08-08 09:32:00-04:00,2,1,27.0,2025-08-08 09:57:00-04:00,90.7,2025-08-08 09:57:00-04:00,take_profit,55.00000000000114,0.0,114.99999999999773,91.125,23,2025-08-08 09:53:00-04:00
2025-08-11,green,91.225,short,91.025,2,4,2025-08-11 09:32:00-04:00,2025-08-11 09:34:00-04:00,3,0,,,91.825,2025-08-11 13:55:00-04:00,session_end,0.0,240.0000000000034,300.0,91.975,175,2025-08-11 12:26:00-04:00
2025-08-12,red,91.525,long,91.85,0,5,2025-08-12 09:30:00-04:00,2025-08-12 09:35:00-04:00,6,1,10.0,2025-08-12 09:40:00-04:00,91.85,2025-08-12 09:40:00-04:00,take_profit,129.99999999999545,0.0,30.000000000001137,91.45,6,2025-08-12 09:36:00-04:00
2025-08-13,green,91.4125,short,91.175,0,1,2025-08-13 09:30:00-04:00,2025-08-13 09:31:00-04:00,2,1,5.0,2025-08-13 09:35:00-04:00,91.175,2025-08-13 09:35:00-04:00,take_profit,94.99999999999886,0.0,15.00000000000341,91.45,2,2025-08-13 09:32:00-04:00
2025-08-14,red,89.5875,long,90.775,0,2,2025-08-14 09:30:00-04:00,2025-08-14 09:32:00-04:00,3,0,,,89.125,2025-08-14 13:55:00-04:00,session_end,0.0,185.00000000000227,425.0,88.525,203,2025-08-14 12:54:00-04:00
2025-08-15,red,89.0875,long,89.175,2,3,2025-08-15 09:32:00-04:00,2025-08-15 09:33:00-04:00,2,1,4.0,2025-08-15 09:34:00-04:00,89.175,2025-08-15 09:34:00-04:00,take_profit,34.99999999999659,0.0,45.00000000000455,88.975,4,2025-08-15 09:34:00-04:00
2025-08-18,green,89.8375,short,89.8,3,4,2025-08-18 09:33:00-04:00,2025-08-18 09:34:00-04:00,2,1,5.0,2025-08-18 09:35:00-04:00,89.8,2025-08-18 09:35:00-04:00,take_profit,15.00000000000341,0.0,14.999999999997726,89.875,5,2025-08-18 09:35:00-04:00
2025-08-19,green,90.1,short,90.05,0,1,2025-08-19 09:30:00-04:00,2025-08-19 09:31:00-04:00,2,1,2.0,2025-08-19 09:32:00-04:00,90.05,2025-08-19 09:32:00-04:00,take_profit,19.999999999998863,0.0,30.000000000001137,90.175,2,2025-08-19 09:32:00-04:00
2025-08-20,green,89.875,short,89.375,1,5,2025-08-20 09:31:00-04:00,2025-08-20 09:35:00-04:00,5,1,15.0,2025-08-20 09:45:00-04:00,89.375,2025-08-20 09:45:00-04:00,take_profit,200.0,0.0,30.000000000001137,89.95,6,2025-08-20 09:36:00-04:00
2025-08-21,green,90.4,short,90.05,0,7,2025-08-21 09:30:00-04:00,2025-08-21 09:37:00-04:00,8,1,17.0,2025-08-21 09:47:00-04:00,90.05,2025-08-21 09:47:00-04:00,take_profit,140.0000000000034,0.0,29.999999999995453,90.475,13,2025-08-21 09:43:00-04:00
2025-08-22,green,90.5875,short,90.175,0,1,2025-08-22 09:30:00-04:00,2025-08-22 09:31:00-04:00,2,0,,,91.2,2025-08-22 13:55:00-04:00,session_end,0.0,244.99999999999886,575.0,92.025,57,2025-08-22 10:27:00-04:00
2025-08-25,green,91.775,short,91.5,0,1,2025-08-25 09:30:00-04:00,2025-08-25 09:31:00-04:00,2,1,6.0,2025-08-25 09:36:00-04:00,91.5,2025-08-25 09:36:00-04:00,take_profit,110.00000000000227,0.0,79.99999999999545,91.975,2,2025-08-25 09:32:00-04:00
2025-08-26,green,91.8625,short,91.525,3,6,2025-08-26 09:33:00-04:00,2025-08-26 09:36:00-04:00,4,0,,,93.475,2025-08-26 13:55:00-04:00,session_end,0.0,644.9999999999989,675.0,93.55,263,2025-08-26 13:53:00-04:00
2025-08-27,green,94.1625,short,93.425,0,4,2025-08-27 09:30:00-04:00,2025-08-27 09:34:00-04:00,5,0,,,94.1,2025-08-27 13:55:00-04:00,session_end,25.0,0.0,265.0000000000034,94.825,149,2025-08-27 11:59:00-04:00
2025-08-28,green,94.01249999999999,short,93.75,0,2,2025-08-28 09:30:00-04:00,2025-08-28 09:32:00-04:00,3,1,55.0,2025-08-28 10:25:00-04:00,93.75,2025-08-28 10:25:00-04:00,take_profit,104.99999999999545,0.0,95.00000000000455,94.25,16,2025-08-28 09:46:00-04:00
2025-08-29,red,94.0625,long,94.35,2,3,2025-08-29 09:32:00-04:00,2025-08-29 09:33:00-04:00,2,1,14.0,2025-08-29 09:44:00-04:00,94.35,2025-08-29 09:44:00-04:00,take_profit,114.99999999999773,0.0,35.000000000002274,93.975,5,2025-08-29 09:35:00-04:00
2025-09-02,green,95.80000000000001,short,95.2,0,4,2025-09-02 09:30:00-04:00,2025-09-02 09:34:00-04:00,5,1,10.0,2025-09-02 09:40:00-04:00,95.2,2025-09-02 09:40:00-04:00,take_profit,240.0000000000034,0.0,19.99999999999318,95.85,5,2025-09-02 09:35:00-04:00
2025-09-03,red,94.7375,long,95.55,0,6,2025-09-03 09:30:00-04:00,2025-09-03 09:36:00-04:00,7,0,,,93.825,2025-09-03 13:55:00-04:00,session_end,0.0,364.9999999999977,375.0,93.8,227,2025-09-03 13:17:00-04:00
2025-09-04,green,94.625,short,94.125,1,5,2025-09-04 09:31:00-04:00,2025-09-04 09:35:00-04:00,5,0,,,95.15,2025-09-04 13:55:00-04:00,session_end,0.0,210.00000000000227,310.0000000000023,95.4,85,2025-09-04 10:55:00-04:00
2025-09-05,green,95.475,short,95.025,0,3,2025-09-05 09:30:00-04:00,2025-09-05 09:33:00-04:00,4,0,,,95.95,2025-09-05 13:55:00-04:00,session_end,0.0,190.0000000000034,600.0,96.975,140,2025-09-05 11:50:00-04:00
2025-09-08,red,95.8375,long,96.275,0,1,2025-09-08 09:30:00-04:00,2025-09-08 09:31:00-04:00,2,0,,,95.175,2025-09-08 13:55:00-04:00,session_end,0.0,265.0000000000034,285.0000000000023,95.125,40,2025-09-08 10:10:00-04:00
2025-09-09,red,95.65,long,95.675,1,2,2025-09-09 09:31:00-04:00,2025-09-09 09:32:00-04:00,2,1,3.0,2025-09-09 09:33:00-04:00,95.675,2025-09-09 09:33:00-04:00,take_profit,9.99999999999659,0.0,50.0,95.525,3,2025-09-09 09:33:00-04:00
2025-09-10,green,96.2125,short,95.85,0,1,2025-09-10 09:30:00-04:00,2025-09-10 09:31:00-04:00,2,0,,,96.95,2025-09-10 13:55:00-04:00,session_end,0.0,294.99999999999886,614.9999999999977,97.75,39,2025-09-10 10:09:00-04:00
2025-09-11,red,97.1625,long,97.175,1,2,2025-09-11 09:31:00-04:00,2025-09-11 09:32:00-04:00,2,1,3.0,2025-09-11 09:33:00-04:00,97.175,2025-09-11 09:33:00-04:00,take_profit,5.000000000001137,0.0,25.0,97.1,3,2025-09-11 09:33:00-04:00
2025-09-15,green,98.025,short,97.75,0,2,2025-09-15 09:30:00-04:00,2025-09-15 09:32:00-04:00,3,1,5.0,2025-09-15 09:35:00-04:00,97.75,2025-09-15 09:35:00-04:00,take_profit,110.00000000000227,0.0,59.99999999999659,98.175,3,2025-09-15 09:33:00-04:00
2025-09-16,red,98.025,long,98.1,1,3,2025-09-16 09:31:00-04:00,2025-09-16 09:33:00-04:00,3,1,5.0,2025-09-16 09:35:00-04:00,98.1,2025-09-16 09:35:00-04:00,take_profit,29.999999999995453,0.0,20.000000000004547,97.975,4,2025-09-16 09:34:00-04:00
2025-09-17,green,88.4,short,88.175,1,4,2025-09-17 09:31:00-04:00,2025-09-17 09:34:00-04:00,4,1,13.0,2025-09-17 09:43:00-04:00,88.175,2025-09-17 09:43:00-04:00,take_profit,90.00000000000341,0.0,59.99999999999659,88.55,10,2025-09-17 09:40:00-04:00
2025-09-18,green,87.45,short,87.375,1,2,2025-09-18 09:31:00-04:00,2025-09-18 09:32:00-04:00,2,1,3.0,2025-09-18 09:33:00-04:00,87.375,2025-09-18 09:33:00-04:00,take_profit,30.000000000001137,0.0,30.000000000001137,87.525,3,2025-09-18 09:33:00-04:00
2025-09-19,red,87.875,long,88.175,2,4,2025-09-19 09:32:00-04:00,2025-09-19 09:34:00-04:00,3,1,16.0,2025-09-19 09:46:00-04:00,88.175,2025-09-19 09:46:00-04:00,take_profit,119.99999999999886,0.0,39.999999999997726,87.775,5,2025-09-19 09:35:00-04:00
2025-09-22,red,87.625,long,87.65,0,1,2025-09-22 09:30:00-04:00,2025-09-22 09:31:00-04:00,2,1,2.0,2025-09-22 09:32:00-04:00,87.65,2025-09-22 09:32:00-04:00,take_profit,10.000000000002274,0.0,60.000000000002274,87.475,2,2025-09-22 09:32:00-04:00
2025-09-23,green,90.0625,short,89.025,0,3,2025-09-23 09:30:00-04:00,2025-09-23 09:33:00-04:00,4,0,,,90.775,2025-09-23 13:55:00-04:00,session_end,0.0,285.0000000000023,314.9999999999977,90.85,250,2025-09-23 13:48:00-04:00
2025-09-24,red,90.25,long,90.325,2,3,2025-09-24 09:32:00-04:00,2025-09-24 09:33:00-04:00,2,1,4.0,2025-09-24 09:34:00-04:00,90.325,2025-09-24 09:34:00-04:00,take_profit,30.000000000001137,0.0,19.999999999998863,90.2,4,2025-09-24 09:34:00-04:00
2025-09-25,red,88.17500000000001,long,88.5,0,1,2025-09-25 09:30:00-04:00,2025-09-25 09:31:00-04:00,2,1,20.0,2025-09-25 09:50:00-04:00,88.5,2025-09-25 09:50:00-04:00,take_profit,129.99999999999545,0.0,120.00000000000455,87.875,10,2025-09-25 09:40:00-04:00
2025-09-26,red,90.0875,long,90.5,0,2,2025-09-26 09:30:00-04:00,2025-09-26 09:32:00-04:00,3,1,19.0,2025-09-26 09:49:00-04:00,90.5,2025-09-26 09:49:00-04:00,take_profit,164.99999999999773,0.0,45.00000000000455,89.975,5,2025-09-26 09:35:00-04:00
2025-09-29,red,90.5875,long,91.2,0,2,2025-09-29 09:30:00-04:00,2025-09-29 09:32:00-04:00,3,0,,,90.475,2025-09-29 13:55:00-04:00,session_end,0.0,45.00000000000455,125.0,90.275,50,2025-09-29 10:20:00-04:00
2025-09-30,red,89.7375,long,89.9,2,3,2025-09-30 09:32:00-04:00,2025-09-30 09:33:00-04:00,2,1,8.0,2025-09-30 09:38:00-04:00,89.9,2025-09-30 09:38:00-04:00,take_profit,65.00000000000341,0.0,25.0,89.675,4,2025-09-30 09:34:00-04:00
2025-10-01,green,88.95,short,88.5,0,1,2025-10-01 09:30:00-04:00,2025-10-01 09:31:00-04:00,2,1,31.0,2025-10-01 10:01:00-04:00,88.5,2025-10-01 10:01:00-04:00,take_profit,180.00000000000114,0.0,39.999999999997726,89.05,2,2025-10-01 09:32:00-04:00
2025-10-02,red,85.6875,long,86.8,0,5,2025-10-02 09:30:00-04:00,2025-10-02 09:35:00-04:00,6,1,75.0,2025-10-02 10:45:00-04:00,86.8,2025-10-02 10:45:00-04:00,take_profit,444.99999999999886,0.0,44.99999999999886,85.575,6,2025-10-02 09:36:00-04:00
2025-10-03,red,86.725,long,86.875,1,2,2025-10-03 09:31:00-04:00,2025-10-03 09:32:00-04:00,2,1,16.0,2025-10-03 09:46:00-04:00,86.875,2025-10-03 09:46:00-04:00,take_profit,60.000000000002274,0.0,100.0,86.475,11,2025-10-03 09:41:00-04:00
2025-10-06,red,87.175,long,87.3,0,1,2025-10-06 09:30:00-04:00,2025-10-06 09:31:00-04:00,2,1,82.0,2025-10-06 10:53:00-04:00,87.3,2025-10-06 10:53:00-04:00,take_profit,50.0,0.0,509.9999999999966,85.9,20,2025-10-06 09:50:00-04:00
2025-10-07,red,86.725,long,87.025,0,2,2025-10-07 09:30:00-04:00,2025-10-07 09:32:00-04:00,3,0,,,86.25,2025-10-07 13:55:00-04:00,session_end,0.0,189.99999999999773,389.9999999999977,85.75,54,2025-10-07 10:24:00-04:00
2025-10-08,green,85.9125,short,85.5,0,2,2025-10-08 09:30:00-04:00,2025-10-08 09:32:00-04:00,3,0,,,86.05,2025-10-08 13:55:00-04:00,session_end,0.0,55.00000000000114,375.0,86.85,119,2025-10-08 11:30:00-04:00
2025-10-09,red,85.825,long,85.85,0,1,2025-10-09 09:30:00-04:00,2025-10-09 09:31:00-04:00,2,1,2.0,2025-10-09 09:32:00-04:00,85.85,2025-10-09 09:32:00-04:00,take_profit,9.99999999999659,0.0,30.000000000001137,85.75,2,2025-10-09 09:32:00-04:00
2025-10-13,green,85.225,short,84.525,0,1,2025-10-13 09:30:00-04:00,2025-10-13 09:31:00-04:00,2,0,,,84.9,2025-10-13 13:55:00-04:00,session_end,129.99999999999545,0.0,50.0,85.35,2,2025-10-13 09:32:00-04:00
2025-10-14,red,83.4625,long,84.175,0,1,2025-10-14 09:30:00-04:00,2025-10-14 09:31:00-04:00,2,0,,,83.125,2025-10-14 13:55:00-04:00,session_end,0.0,135.00000000000227,335.0000000000023,82.625,125,2025-10-14 11:35:00-04:00
2025-10-15,green,83.9,short,83.575,2,6,2025-10-15 09:32:00-04:00,2025-10-15 09:36:00-04:00,5,1,46.0,2025-10-15 10:16:00-04:00,83.575,2025-10-15 10:16:00-04:00,take_profit,130.00000000000114,0.0,179.99999999999545,84.35,10,2025-10-15 09:40:00-04:00
2025-10-17,red,82.6125,long,83.0,0,1,2025-10-17 09:30:00-04:00,2025-10-17 09:31:00-04:00,2,0,,,82.5,2025-10-17 13:55:00-04:00,session_end,0.0,44.99999999999886,205.00000000000114,82.1,40,2025-10-17 10:10:00-04:00
2025-10-20,green,82.6375,short,82.425,0,1,2025-10-20 09:30:00-04:00,2025-10-20 09:31:00-04:00,2,1,29.0,2025-10-20 09:59:00-04:00,82.425,2025-10-20 09:59:00-04:00,take_profit,85.00000000000227,0.0,64.99999999999773,82.8,16,2025-10-20 09:46:00-04:00
2025-10-21,red,82.2375,long,82.6,0,1,2025-10-21 09:30:00-04:00,2025-10-21 09:31:00-04:00,2,1,7.0,2025-10-21 09:37:00-04:00,82.6,2025-10-21 09:37:00-04:00,take_profit,144.99999999999886,0.0,44.99999999999886,82.125,2,2025-10-21 09:32:00-04:00
2025-10-22,red,82.7875,long,82.975,1,4,2025-10-22 09:31:00-04:00,2025-10-22 09:34:00-04:00,4,1,74.0,2025-10-22 10:45:00-04:00,82.975,2025-10-22 10:45:00-04:00,take_profit,75.0,0.0,144.99999999999886,82.425,45,2025-10-22 10:15:00-04:00
2025-10-23,red,82.2375,long,82.375,0,1,2025-10-23 09:30:00-04:00,2025-10-23 09:31:00-04:00,2,1,2.0,2025-10-23 09:32:00-04:00,82.375,2025-10-23 09:32:00-04:00,take_profit,55.00000000000114,0.0,105.00000000000114,81.975,2,2025-10-23 09:32:00-04:00
2025-10-24,red,81.86250000000001,long,82.2,1,4,2025-10-24 09:31:00-04:00,2025-10-24 09:34:00-04:00,4,1,90.0,2025-10-24 11:00:00-04:00,82.2,2025-10-24 11:00:00-04:00,take_profit,134.9999999999966,0.0,75.00000000000568,81.675,46,2025-10-24 10:16:00-04:00
2025-10-27,red,82.0375,long,82.525,1,5,2025-10-27 09:31:00-04:00,2025-10-27 09:35:00-04:00,5,0,,,81.525,2025-10-27 13:55:00-04:00,session_end,0.0,204.99999999999545,304.99999999999545,81.275,148,2025-10-27 12:00:00-04:00
2025-10-28,red,81.4125,long,81.625,3,5,2025-10-28 09:33:00-04:00,2025-10-28 09:35:00-04:00,3,1,16.0,2025-10-28 09:46:00-04:00,81.625,2025-10-28 09:46:00-04:00,take_profit,85.00000000000227,0.0,25.0,81.35,8,2025-10-28 09:38:00-04:00
2025-10-29,green,81.98750000000001,short,81.25,0,5,2025-10-29 09:30:00-04:00,2025-10-29 09:35:00-04:00,6,1,141.0,2025-10-29 11:51:00-04:00,81.25,2025-10-29 11:51:00-04:00,take_profit,295.00000000000455,0.0,74.99999999999432,82.175,60,2025-10-29 10:30:00-04:00
2025-10-30,red,80.8625,long,81.25,1,4,2025-10-30 09:31:00-04:00,2025-10-30 09:34:00-04:00,4,1,34.0,2025-10-30 10:04:00-04:00,81.25,2025-10-30 10:04:00-04:00,take_profit,155.00000000000114,0.0,134.9999999999966,80.525,11,2025-10-30 09:41:00-04:00
2025-10-31,red,81.125,long,81.325,2,6,2025-10-31 09:32:00-04:00,2025-10-31 09:36:00-04:00,5,1,46.0,2025-10-31 10:16:00-04:00,81.325,2025-10-31 10:16:00-04:00,take_profit,80.00000000000114,0.0,119.99999999999886,80.825,37,2025-10-31 10:07:00-04:00
2025-11-03,red,80.3375,long,81.725,0,8,2025-11-03 09:30:00-05:00,2025-11-03 09:38:00-05:00,9,0,,,80.675,2025-11-03 13:55:00-05:00,session_end,134.9999999999966,0.0,225.0,79.775,41,2025-11-03 10:11:00-05:00
2025-11-04,red,80.5375,long,80.65,4,5,2025-11-04 09:34:00-05:00,2025-11-04 09:35:00-05:00,2,1,60.0,2025-11-04 10:30:00-05:00,80.65,2025-11-04 10:30:00-05:00,take_profit,45.00000000000455,0.0,164.99999999999773,80.125,16,2025-11-04 09:46:00-05:00
2025-11-05,green,80.4125,short,80.1,0,4,2025-11-05 09:30:00-05:00,2025-11-05 09:34:00-05:00,5,1,111.0,2025-11-05 11:21:00-05:00,80.1,2025-11-05 11:21:00-05:00,take_profit,125.0,0.0,215.0000000000034,80.95,22,2025-11-05 09:52:00-05:00
2025-11-06,green,81.0625,short,80.4,0,5,2025-11-06 09:30:00-05:00,2025-11-06 09:35:00-05:00,6,1,30.0,2025-11-06 10:00:00-05:00,80.4,2025-11-06 10:00:00-05:00,take_profit,264.9999999999977,0.0,44.99999999999886,81.175,19,2025-11-06 09:49:00-05:00
2025-11-07,red,78.98750000000001,long,79.5,0,2,2025-11-07 09:30:00-05:00,2025-11-07 09:32:00-05:00,3,1,141.0,2025-11-07 11:51:00-05:00,79.5,2025-11-07 11:51:00-05:00,take_profit,204.99999999999545,0.0,75.00000000000568,78.8,117,2025-11-07 11:27:00-05:00
2025-11-10,green,80.7125,short,80.0,0,1,2025-11-10 09:30:00-05:00,2025-11-10 09:31:00-05:00,2,0,,,82.775,2025-11-10 13:55:00-05:00,session_end,0.0,825.0,975.0,83.15,231,2025-11-10 13:21:00-05:00
2025-11-11,green,82.8375,short,82.325,0,1,2025-11-11 09:30:00-05:00,2025-11-11 09:31:00-05:00,2,1,154.0,2025-11-11 12:04:00-05:00,82.325,2025-11-11 12:04:00-05:00,take_profit,205.00000000000114,0.0,164.99999999999773,83.25,57,2025-11-11 10:27:00-05:00
2025-11-12,red,81.4625,long,82.0,0,1,2025-11-12 09:30:00-05:00,2025-11-12 09:31:00-05:00,2,1,11.0,2025-11-12 09:41:00-05:00,82.0,2025-11-12 09:41:00-05:00,take_profit,214.99999999999773,0.0,45.00000000000455,81.35,2,2025-11-12 09:32:00-05:00
2025-11-13,red,79.63749999999999,long,80.275,0,2,2025-11-13 09:30:00-05:00,2025-11-13 09:32:00-05:00,3,0,,,78.025,2025-11-13 13:55:00-05:00,session_end,0.0,644.9999999999932,714.9999999999977,77.85,234,2025-11-13 13:25:00-05:00
2025-11-14,green,78.3375,short,78.0,0,1,2025-11-14 09:30:00-05:00,2025-11-14 09:31:00-05:00,2,0,,,78.55,2025-11-14 13:55:00-05:00,session_end,0.0,84.99999999999659,464.9999999999977,79.5,32,2025-11-14 10:02:00-05:00
2025-11-17,red,79.25,long,79.575,1,4,2025-11-17 09:31:00-05:00,2025-11-17 09:34:00-05:00,4,1,15.0,2025-11-17 09:45:00-05:00,79.575,2025-11-17 09:45:00-05:00,take_profit,130.00000000000114,0.0,39.999999999997726,79.15,5,2025-11-17 09:35:00-05:00
2025-11-18,green,79.9875,short,79.7,0,3,2025-11-18 09:30:00-05:00,2025-11-18 09:33:00-05:00,4,1,21.0,2025-11-18 09:51:00-05:00,79.7,2025-11-18 09:51:00-05:00,take_profit,114.99999999999773,0.0,275.0,80.675,9,2025-11-18 09:39:00-05:00
2025-11-19,green,78.525,short,77.825,0,3,2025-11-19 09:30:00-05:00,2025-11-19 09:33:00-05:00,4,0,,,79.25,2025-11-19 13:55:00-05:00,session_end,0.0,289.9999999999977,719.9999999999989,80.325,53,2025-11-19 10:23:00-05:00
2025-11-20,green,79.32499999999999,short,78.45,1,6,2025-11-20 09:31:00-05:00,2025-11-20 09:36:00-05:00,6,0,,,79.625,2025-11-20 13:55:00-05:00,session_end,0.0,120.00000000000455,360.0000000000023,80.225,50,2025-11-20 10:20:00-05:00
2025-11-21,red,78.15,long,79.0,0,2,2025-11-21 09:30:00-05:00,2025-11-21 09:32:00-05:00,3,0,,,77.825,2025-11-21 13:55:00-05:00,session_end,0.0,130.00000000000114,410.0000000000023,77.125,38,2025-11-21 10:08:00-05:00
2025-11-24,green,78.1625,short,77.8,0,2,2025-11-24 09:30:00-05:00,2025-11-24 09:32:00-05:00,3,0,,,79.3,2025-11-24 13:55:00-05:00,session_end,0.0,455.00000000000114,675.0,79.85,32,2025-11-24 10:02:00-05:00
2025-11-25,green,79.6125,short,79.25,0,1,2025-11-25 09:30:00-05:00,2025-11-25 09:31:00-05:00,2,1,9.0,2025-11-25 09:39:00-05:00,79.25,2025-11-25 09:39:00-05:00,take_profit,144.99999999999886,0.0,65.00000000000341,79.775,2,2025-11-25 09:32:00-05:00
2025-11-26,green,79.6875,short,79.05,0,4,2025-11-26 09:30:00-05:00,2025-11-26 09:34:00-05:00,5,0,,,81.4,2025-11-26 13:55:00-05:00,session_end,0.0,685.0000000000023,685.0000000000023,81.4,263,2025-11-26 13:54:00-05:00
2025-11-28,red,81.9125,long,82.075,3,4,2025-11-28 09:33:00-05:00,2025-11-28 09:34:00-05:00,2,1,8.0,2025-11-28 09:38:00-05:00,82.075,2025-11-28 09:38:00-05:00,take_profit,65.00000000000341,0.0,44.99999999999886,81.8,5,2025-11-28 09:35:00-05:00
2025-12-01,green,81.9625,short,81.5,0,1,2025-12-01 09:30:00-05:00,2025-12-01 09:31:00-05:00,2,1,9.0,2025-12-01 09:39:00-05:00,81.5,2025-12-01 09:39:00-05:00,take_profit,185.00000000000227,0.0,64.99999999999773,82.125,2,2025-12-01 09:32:00-05:00
2025-12-02,green,80.86250000000001,short,80.65,1,2,2025-12-02 09:31:00-05:00,2025-12-02 09:32:00-05:00,2,1,4.0,2025-12-02 09:34:00-05:00,80.65,2025-12-02 09:34:00-05:00,take_profit,85.00000000000227,0.0,34.99999999999659,80.95,3,2025-12-02 09:33:00-05:00
2025-12-04,green,81.65,short,81.25,0,1,2025-12-04 09:30:00-05:00,2025-12-04 09:31:00-05:00,2,0,,,81.9,2025-12-04 13:55:00-05:00,session_end,0.0,100.0,159.9999999999966,82.05,241,2025-12-04 13:35:00-05:00
2025-12-05,green,82.25,short,81.8,0,1,2025-12-05 09:30:00-05:00,2025-12-05 09:31:00-05:00,2,0,,,82.225,2025-12-05 13:55:00-05:00,session_end,10.000000000002274,0.0,310.0000000000023,83.025,37,2025-12-05 10:07:00-05:00
2025-12-08,red,82.25,long,82.475,0,1,2025-12-08 09:30:00-05:00,2025-12-08 09:31:00-05:00,2,1,3.0,2025-12-08 09:33:00-05:00,82.475,2025-12-08 09:33:00-05:00,take_profit,89.99999999999773,0.0,19.999999999998863,82.2,2,2025-12-08 09:32:00-05:00
2025-12-09,red,80.95,long,82.1,2,7,2025-12-09 09:32:00-05:00,2025-12-09 09:37:00-05:00,6,1,150.0,2025-12-09 12:00:00-05:00,82.1,2025-12-09 12:00:00-05:00,take_profit,459.9999999999966,0.0,50.0,80.825,8,2025-12-09 09:38:00-05:00
2025-12-10,green,82.4125,short,81.875,0,4,2025-12-10 09:30:00-05:00,2025-12-10 09:34:00-05:00,5,0,,,82.475,2025-12-10 13:55:00-05:00,session_end,0.0,25.0,175.0,82.85,52,2025-12-10 10:22:00-05:00
2025-12-11,green,83.57499999999999,short,82.825,0,4,2025-12-11 09:30:00-05:00,2025-12-11 09:34:00-05:00,5,0,,,84.2,2025-12-11 13:55:00-05:00,session_end,0.0,250.00000000000568,400.0000000000057,84.575,135,2025-12-11 11:46:00-05:00
2025-12-12,green,84.925,short,84.45,0,1,2025-12-12 09:30:00-05:00,2025-12-12 09:31:00-05:00,2,1,147.0,2025-12-12 11:58:00-05:00,84.45,2025-12-12 11:58:00-05:00,take_profit,189.99999999999773,0.0,60.000000000002274,85.075,50,2025-12-12 10:20:00-05:00
2025-12-15,red,82.55,long,84.35,0,6,2025-12-15 09:30:00-05:00,2025-12-15 09:36:00-05:00,7,0,,,83.675,2025-12-15 13:55:00-05:00,session_end,450.0,0.0,50.0,82.425,7,2025-12-15 09:37:00-05:00
2025-12-16,red,83.9625,long,84.425,1,3,2025-12-16 09:31:00-05:00,2025-12-16 09:33:00-05:00,3,1,16.0,2025-12-16 09:46:00-05:00,84.425,2025-12-16 09:46:00-05:00,take_profit,184.9999999999966,0.0,55.00000000000114,83.825,4,2025-12-16 09:34:00-05:00
2025-12-17,red,83.94999999999999,long,84.425,0,4,2025-12-17 09:30:00-05:00,2025-12-17 09:34:00-05:00,5,0,,,83.15,2025-12-17 13:55:00-05:00,session_end,0.0,319.9999999999932,549.9999999999943,82.575,159,2025-12-17 12:09:00-05:00
2025-12-18,green,84.4875,short,83.8,2,7,2025-12-18 09:32:00-05:00,2025-12-18 09:37:00-05:00,6,1,101.0,2025-12-18 11:11:00-05:00,83.8,2025-12-18 11:11:00-05:00,take_profit,275.0,0.0,15.00000000000341,84.525,8,2025-12-18 09:38:00-05:00
2025-12-19,green,83.5375,short,83.125,4,8,2025-12-19 09:34:00-05:00,2025-12-19 09:38:00-05:00,5,0,,,84.55,2025-12-19 13:55:00-05:00,session_end,0.0,405.00000000000114,645.0000000000045,85.15,170,2025-12-19 12:20:00-05:00
2025-12-22,green,85.11250000000001,short,84.65,0,1,2025-12-22 09:30:00-05:00,2025-12-22 09:31:00-05:00,2,1,7.0,2025-12-22 09:37:00-05:00,84.65,2025-12-22 09:37:00-05:00,take_profit,185.00000000000227,0.0,44.99999999999318,85.225,2,2025-12-22 09:32:00-05:00
2025-12-23,red,85.3875,long,85.575,3,4,2025-12-23 09:33:00-05:00,2025-12-23 09:34:00-05:00,2,1,17.0,2025-12-23 09:47:00-05:00,85.575,2025-12-23 09:47:00-05:00,take_profit,75.0,0.0,55.00000000000114,85.25,9,2025-12-23 09:39:00-05:00
2025-12-24,red,84.82499999999999,long,84.875,0,3,2025-12-24 09:30:00-05:00,2025-12-24 09:33:00-05:00,4,1,4.0,2025-12-24 09:34:00-05:00,84.875,2025-12-24 09:34:00-05:00,take_profit,20.000000000004547,0.0,49.999999999994316,84.7,4,2025-12-24 09:34:00-05:00
2025-12-26,red,84.23750000000001,long,84.575,0,1,2025-12-26 09:30:00-05:00,2025-12-26 09:31:00-05:00,2,1,141.0,2025-12-26 11:54:00-05:00,84.575,2025-12-26 11:54:00-05:00,take_profit,134.9999999999966,0.0,165.0000000000034,83.825,17,2025-12-26 09:47:00-05:00
2025-12-29,red,84.8375,long,84.975,1,2,2025-12-29 09:31:00-05:00,2025-12-29 09:32:00-05:00,2,1,3.0,2025-12-29 09:33:00-05:00,84.975,2025-12-29 09:33:00-05:00,take_profit,54.99999999999545,0.0,35.000000000002274,84.75,3,2025-12-29 09:33:00-05:00
2025-12-30,green,84.75,short,84.45,0,1,2025-12-30 09:30:00-05:00,2025-12-30 09:31:00-05:00,2,0,,,85.45,2025-12-30 13:55:00-05:00,session_end,0.0,280.00000000000114,369.99999999999886,85.675,211,2025-12-30 13:02:00-05:00
2025-12-31,green,85.6375,short,85.225,0,1,2025-12-31 09:30:00-05:00,2025-12-31 09:31:00-05:00,2,1,205.0,2025-12-31 12:56:00-05:00,85.225,2025-12-31 12:56:00-05:00,take_profit,165.0000000000034,0.0,134.9999999999966,85.975,35,2025-12-31 10:05:00-05:00
2026-01-02,green,84.9125,short,84.825,2,3,2026-01-02 09:32:00-05:00,2026-01-02 09:33:00-05:00,2,1,5.0,2026-01-02 09:35:00-05:00,84.825,2026-01-02 09:35:00-05:00,take_profit,34.99999999999659,0.0,45.00000000000455,85.025,4,2026-01-02 09:34:00-05:00
2026-01-05,green,84.775,short,84.325,0,2,2026-01-05 09:30:00-05:00,2026-01-05 09:32:00-05:00,3,0,,,86.125,2026-01-05 13:55:00-05:00,session_end,0.0,539.9999999999977,689.9999999999977,86.5,190,2026-01-05 12:40:00-05:00
2026-01-06,red,85.1625,long,85.6,0,2,2026-01-06 09:30:00-05:00,2026-01-06 09:32:00-05:00,3,1,11.0,2026-01-06 09:41:00-05:00,85.6,2026-01-06 09:41:00-05:00,take_profit,175.0,0.0,44.99999999999886,85.05,3,2026-01-06 09:33:00-05:00
2026-01-07,red,85.26249999999999,long,85.675,0,1,2026-01-07 09:30:00-05:00,2026-01-07 09:31:00-05:00,2,0,,,84.775,2026-01-07 13:55:00-05:00,session_end,0.0,194.99999999999318,274.9999999999943,84.575,200,2026-01-07 12:50:00-05:00
2026-01-08,green,85.94999999999999,short,84.8,0,6,2026-01-08 09:30:00-05:00,2026-01-08 09:36:00-05:00,7,0,,,86.05,2026-01-08 13:55:00-05:00,session_end,0.0,40.00000000000341,160.00000000000227,86.35,143,2026-01-08 11:53:00-05:00
2026-01-09,red,85.1125,long,85.125,4,5,2026-01-09 09:34:00-05:00,2026-01-09 09:35:00-05:00,2,1,6.0,2026-01-09 09:36:00-05:00,85.125,2026-01-09 09:36:00-05:00,take_profit,5.000000000001137,0.0,25.0,85.05,6,2026-01-09 09:36:00-05:00
2026-01-12,red,84.1625,long,85.225,0,8,2026-01-12 09:30:00-05:00,2026-01-12 09:38:00-05:00,9,0,,,84.575,2026-01-12 13:55:00-05:00,session_end,165.0000000000034,0.0,154.99999999999545,83.775,21,2026-01-12 09:51:00-05:00
2026-01-13,red,84.725,long,84.775,1,2,2026-01-13 09:31:00-05:00,2026-01-13 09:32:00-05:00,2,1,3.0,2026-01-13 09:33:00-05:00,84.775,2026-01-13 09:33:00-05:00,take_profit,20.000000000004547,0.0,39.999999999997726,84.625,3,2026-01-13 09:33:00-05:00
2026-01-14,green,84.9125,short,84.375,1,4,2026-01-14 09:31:00-05:00,2026-01-14 09:34:00-05:00,4,1,38.0,2026-01-14 10:08:00-05:00,84.375,2026-01-14 10:08:00-05:00,take_profit,214.99999999999773,0.0,85.00000000000227,85.125,7,2026-01-14 09:37:00-05:00
2026-01-15,green,86.1875,short,85.7,0,4,2026-01-15 09:30:00-05:00,2026-01-15 09:34:00-05:00,5,0,,,87.775,2026-01-15 13:55:00-05:00,session_end,0.0,635.0000000000023,685.0000000000023,87.9,253,2026-01-15 13:43:00-05:00
2026-01-16,green,87.9125,short,87.6,0,3,2026-01-16 09:30:00-05:00,2026-01-16 09:33:00-05:00,4,0,,,88.225,2026-01-16 13:55:00-05:00,session_end,0.0,125.0,215.0000000000034,88.45,47,2026-01-16 10:17:00-05:00
2026-01-20,green,95.63749999999999,short,95.35,1,2,2026-01-20 09:31:00-05:00,2026-01-20 09:32:00-05:00,2,1,4.0,2026-01-20 09:34:00-05:00,95.35,2026-01-20 09:34:00-05:00,take_profit,114.99999999999773,0.0,65.00000000000341,95.8,3,2026-01-20 09:33:00-05:00
2026-01-21,green,95.32499999999999,short,95.1,0,1,2026-01-21 09:30:00-05:00,2026-01-21 09:31:00-05:00,2,1,5.0,2026-01-21 09:35:00-05:00,95.1,2026-01-21 09:35:00-05:00,take_profit,89.99999999999773,0.0,20.000000000004547,95.375,2,2026-01-21 09:32:00-05:00
2026-01-22,green,96.825,short,96.0,0,1,2026-01-22 09:30:00-05:00,2026-01-22 09:31:00-05:00,2,1,48.0,2026-01-22 10:18:00-05:00,96.0,2026-01-22 10:18:00-05:00,take_profit,330.00000000000114,0.0,89.99999999999773,97.05,2,2026-01-22 09:32:00-05:00
2026-01-23,green,96.625,short,96.375,1,3,2026-01-23 09:31:00-05:00,2026-01-23 09:33:00-05:00,3,1,5.0,2026-01-23 09:35:00-05:00,96.375,2026-01-23 09:35:00-05:00,take_profit,100.0,0.0,50.0,96.75,4,2026-01-23 09:34:00-05:00
2026-01-26,green,97.0625,short,96.1,1,4,2026-01-26 09:31:00-05:00,2026-01-26 09:34:00-05:00,4,1,48.0,2026-01-26 10:18:00-05:00,96.1,2026-01-26 10:18:00-05:00,take_profit,385.0000000000023,0.0,44.99999999999886,97.175,6,2026-01-26 09:36:00-05:00
2026-01-27,green,97.38749999999999,short,96.8,0,1,2026-01-27 09:30:00-05:00,2026-01-27 09:31:00-05:00,2,1,24.0,2026-01-27 09:54:00-05:00,96.8,2026-01-27 09:54:00-05:00,take_profit,234.9999999999966,0.0,55.00000000000682,97.525,2,2026-01-27 09:32:00-05:00
2026-01-28,green,95.73750000000001,short,95.6,3,4,2026-01-28 09:33:00-05:00,2026-01-28 09:34:00-05:00,2,1,6.0,2026-01-28 09:36:00-05:00,95.6,2026-01-28 09:36:00-05:00,take_profit,55.00000000000682,0.0,24.999999999994316,95.8,5,2026-01-28 09:35:00-05:00
2026-01-29,green,95.8125,short,95.25,0,2,2026-01-29 09:30:00-05:00,2026-01-29 09:32:00-05:00,3,1,17.0,2026-01-29 09:47:00-05:00,95.25,2026-01-29 09:47:00-05:00,take_profit,225.0,0.0,55.00000000000114,95.95,3,2026-01-29 09:33:00-05:00
2026-01-30,red,94.85,long,95.025,1,3,2026-01-30 09:31:00-05:00,2026-01-30 09:33:00-05:00,3,1,8.0,2026-01-30 09:38:00-05:00,95.025,2026-01-30 09:38:00-05:00,take_profit,70.00000000000455,0.0,39.999999999997726,94.75,4,2026-01-30 09:34:00-05:00
2026-02-02,green,95.92500000000001,short,95.125,0,2,2026-02-02 09:30:00-05:00,2026-02-02 09:32:00-05:00,3,0,,,96.775,2026-02-02 13:55:00-05:00,session_end,0.0,339.9999999999977,579.9999999999955,97.375,185,2026-02-02 12:35:00-05:00
2026-02-03,red,96.3625,long,96.775,2,5,2026-02-03 09:32:00-05:00,2026-02-03 09:35:00-05:00,4,1,15.0,2026-02-03 09:45:00-05:00,96.775,2026-02-03 09:45:00-05:00,take_profit,165.0000000000034,0.0,25.0,96.3,6,2026-02-03 09:36:00-05:00
2026-02-04,green,98.5375,short,98.15,0,2,2026-02-04 09:30:00-05:00,2026-02-04 09:32:00-05:00,3,1,188.0,2026-02-04 12:38:00-05:00,98.15,2026-02-04 12:38:00-05:00,take_profit,154.99999999999545,0.0,505.00000000000114,99.8,123,2026-02-04 11:33:00-05:00
2026-02-05,red,97.5625,long,98.0,0,1,2026-02-05 09:30:00-05:00,2026-02-05 09:31:00-05:00,2,1,4.0,2026-02-05 09:34:00-05:00,98.0,2026-02-05 09:34:00-05:00,take_profit,175.0,0.0,85.00000000000227,97.35,2,2026-02-05 09:32:00-05:00
2026-02-06,green,99.5375,short,98.925,1,6,2026-02-06 09:31:00-05:00,2026-02-06 09:36:00-05:00,6,1,8.0,2026-02-06 09:38:00-05:00,98.925,2026-02-06 09:38:00-05:00,take_profit,244.99999999999886,0.0,65.00000000000341,99.7,7,2026-02-06 09:37:00-05:00
2026-02-09,red,96.98750000000001,long,97.55,0,1,2026-02-09 09:30:00-05:00,2026-02-09 09:31:00-05:00,2,0,,,96.675,2026-02-09 13:55:00-05:00,session_end,0.0,125.00000000000568,295.00000000000455,96.25,140,2026-02-09 11:51:00-05:00
2026-02-10,red,96.76249999999999,long,96.95,1,2,2026-02-10 09:31:00-05:00,2026-02-10 09:32:00-05:00,2,1,4.0,2026-02-10 09:34:00-05:00,96.95,2026-02-10 09:34:00-05:00,take_profit,75.00000000000568,0.0,34.99999999999659,96.675,3,2026-02-10 09:33:00-05:00
2026-02-11,red,95.075,long,95.5,0,1,2026-02-11 09:30:00-05:00,2026-02-11 09:31:00-05:00,2,1,48.0,2026-02-11 10:18:00-05:00,95.5,2026-02-11 10:18:00-05:00,take_profit,169.99999999999886,0.0,50.0,94.95,2,2026-02-11 09:32:00-05:00
2026-02-12,red,93.3625,long,93.65,0,1,2026-02-12 09:30:00-05:00,2026-02-12 09:31:00-05:00,2,0,,,91.825,2026-02-12 13:55:00-05:00,session_end,0.0,614.9999999999977,805.0000000000011,91.35,157,2026-02-12 12:07:00-05:00
2026-02-13,red,91.7125,long,91.95,2,4,2026-02-13 09:32:00-05:00,2026-02-13 09:34:00-05:00,3,1,15.0,2026-02-13 09:45:00-05:00,91.95,2026-02-13 09:45:00-05:00,take_profit,94.99999999999886,0.0,65.00000000000341,91.55,10,2026-02-13 09:40:00-05:00
2026-02-17,green,92.5875,short,91.5,0,1,2026-02-17 09:30:00-05:00,2026-02-17 09:31:00-05:00,2,0,,,92.3,2026-02-17 13:55:00-05:00,session_end,115.00000000000341,0.0,164.99999999999773,93.0,90,2026-02-17 11:00:00-05:00
2026-02-18,green,92.775,short,92.45,0,2,2026-02-18 09:30:00-05:00,2026-02-18 09:32:00-05:00,3,1,18.0,2026-02-18 09:48:00-05:00,92.45,2026-02-18 09:48:00-05:00,take_profit,130.00000000000114,0.0,79.99999999999545,92.975,10,2026-02-18 09:40:00-05:00
2026-02-19,red,92.0875,long,92.75,0,2,2026-02-19 09:30:00-05:00,2026-02-19 09:32:00-05:00,3,1,29.0,2026-02-19 09:59:00-05:00,92.75,2026-02-19 09:59:00-05:00,take_profit,264.9999999999977,0.0,35.000000000002274,92.0,4,2026-02-19 09:34:00-05:00
2026-02-20,red,93.5125,long,93.875,2,7,2026-02-20 09:32:00-05:00,2026-02-20 09:37:00-05:00,6,1,13.0,2026-02-20 09:43:00-05:00,93.875,2026-02-20 09:43:00-05:00,take_profit,144.99999999999886,0.0,25.0,93.45,8,2026-02-20 09:38:00-05:00
2026-02-23,green,93.975,short,93.5,0,1,2026-02-23 09:30:00-05:00,2026-02-23 09:31:00-05:00,2,0,,,93.7,2026-02-23 13:55:00-05:00,session_end,109.99999999999659,0.0,240.0000000000034,94.575,73,2026-02-23 10:43:00-05:00
2026-02-24,red,94.1375,long,94.4,1,2,2026-02-24 09:31:00-05:00,2026-02-24 09:32:00-05:00,2,1,10.0,2026-02-24 09:40:00-05:00,94.4,2026-02-24 09:40:00-05:00,take_profit,105.00000000000114,0.0,25.0,94.075,4,2026-02-24 09:34:00-05:00
2026-02-25,green,96.25,short,95.65,2,5,2026-02-25 09:32:00-05:00,2026-02-25 09:35:00-05:00,4,1,76.0,2026-02-25 10:46:00-05:00,95.65,2026-02-25 10:46:00-05:00,take_profit,239.99999999999773,0.0,130.00000000000114,96.575,15,2026-02-25 09:45:00-05:00
2026-02-26,red,96.0625,long,96.25,4,5,2026-02-26 09:34:00-05:00,2026-02-26 09:35:00-05:00,2,1,9.0,2026-02-26 09:39:00-05:00,96.25,2026-02-26 09:39:00-05:00,take_profit,75.0,0.0,14.999999999997726,96.025,6,2026-02-26 09:36:00-05:00
2026-02-27,green,96.15,short,95.725,0,1,2026-02-27 09:30:00-05:00,2026-02-27 09:31:00-05:00,2,1,9.0,2026-02-27 09:39:00-05:00,95.725,2026-02-27 09:39:00-05:00,take_profit,170.00000000000455,0.0,69.99999999999886,96.325,2,2026-02-27 09:32:00-05:00
2026-03-02,red,95.275,long,95.5,0,7,2026-03-02 09:30:00-05:00,2026-03-02 09:37:00-05:00,8,1,18.0,2026-03-02 09:48:00-05:00,95.5,2026-03-02 09:48:00-05:00,take_profit,89.99999999999773,0.0,40.00000000000341,95.175,11,2026-03-02 09:41:00-05:00
2026-03-03,red,95.5625,long,95.85,1,2,2026-03-03 09:31:00-05:00,2026-03-03 09:32:00-05:00,2,1,248.0,2026-03-03 13:38:00-05:00,95.85,2026-03-03 13:38:00-05:00,take_profit,114.99999999999773,0.0,344.99999999999886,94.7,84,2026-03-03 10:54:00-05:00
2026-03-04,green,95.9625,short,95.85,0,2,2026-03-04 09:30:00-05:00,2026-03-04 09:32:00-05:00,3,1,12.0,2026-03-04 09:42:00-05:00,95.85,2026-03-04 09:42:00-05:00,take_profit,45.00000000000455,0.0,134.9999999999966,96.3,5,2026-03-04 09:35:00-05:00
2026-03-05,green,97.05000000000001,short,96.925,5,6,2026-03-05 09:35:00-05:00,2026-03-05 09:36:00-05:00,2,1,9.0,2026-03-05 09:39:00-05:00,96.925,2026-03-05 09:39:00-05:00,take_profit,50.000000000005684,0.0,9.99999999999659,97.075,7,2026-03-05 09:37:00-05:00
2026-03-06,red,95.6375,long,96.025,3,8,2026-03-06 09:33:00-05:00,2026-03-06 09:38:00-05:00,6,1,11.0,2026-03-06 09:41:00-05:00,96.025,2026-03-06 09:41:00-05:00,take_profit,155.00000000000114,0.0,25.0,95.575,9,2026-03-06 09:39:00-05:00
2026-03-09,green,94.7125,short,94.675,3,5,2026-03-09 09:33:00-04:00,2026-03-09 09:35:00-04:00,3,1,6.0,2026-03-09 09:36:00-04:00,94.675,2026-03-09 09:36:00-04:00,take_profit,15.00000000000341,0.0,34.99999999999659,94.8,6,2026-03-09 09:36:00-04:00
2026-03-10,green,96.0375,short,95.65,2,4,2026-03-10 09:32:00-04:00,2026-03-10 09:34:00-04:00,3,0,,,96.025,2026-03-10 13:55:00-04:00,session_end,4.9999999999954525,0.0,235.00000000000227,96.625,135,2026-03-10 11:45:00-04:00
2026-03-11,green,95.86250000000001,short,95.8,0,1,2026-03-11 09:30:00-04:00,2026-03-11 09:31:00-04:00,2,1,2.0,2026-03-11 09:32:00-04:00,95.8,2026-03-11 09:32:00-04:00,take_profit,25.000000000005684,0.0,44.99999999999318,95.975,2,2026-03-11 09:32:00-04:00
2026-03-12,green,95.1625,short,95.0,0,1,2026-03-12 09:30:00-04:00,2026-03-12 09:31:00-04:00,2,1,3.0,2026-03-12 09:33:00-04:00,95.0,2026-03-12 09:33:00-04:00,take_profit,64.99999999999773,0.0,25.0,95.225,2,2026-03-12 09:32:00-04:00
2026-03-16,green,93.9375,short,93.7,0,1,2026-03-16 09:30:00-04:00,2026-03-16 09:31:00-04:00,2,1,18.0,2026-03-16 09:48:00-04:00,93.7,2026-03-16 09:48:00-04:00,take_profit,94.99999999999886,0.0,85.00000000000227,94.15,3,2026-03-16 09:33:00-04:00
2026-03-17,red,93.45,long,93.65,1,2,2026-03-17 09:31:00-04:00,2026-03-17 09:32:00-04:00,2,1,6.0,2026-03-17 09:36:00-04:00,93.65,2026-03-17 09:36:00-04:00,take_profit,80.00000000000114,0.0,50.0,93.325,3,2026-03-17 09:33:00-04:00
2026-03-18,green,93.92500000000001,short,93.55,4,12,2026-03-18 09:34:00-04:00,2026-03-18 09:42:00-04:00,9,1,138.0,2026-03-18 11:49:00-04:00,93.55,2026-03-18 11:49:00-04:00,take_profit,150.00000000000568,0.0,59.99999999999659,94.075,18,2026-03-18 09:48:00-04:00
2026-03-19,red,93.11250000000001,long,93.65,0,1,2026-03-19 09:30:00-04:00,2026-03-19 09:31:00-04:00,2,1,7.0,2026-03-19 09:37:00-04:00,93.65,2026-03-19 09:37:00-04:00,take_profit,214.99999999999773,0.0,35.000000000002274,93.025,2,2026-03-19 09:32:00-04:00
2026-03-20,red,104.6875,long,104.85,5,6,2026-03-20 09:35:00-04:00,2026-03-20 09:36:00-04:00,2,1,10.0,2026-03-20 09:40:00-04:00,104.85,2026-03-20 09:40:00-04:00,take_profit,64.99999999999773,0.0,25.0,104.625,7,2026-03-20 09:37:00-04:00
2026-03-23,red,104.65,long,105.4,1,3,2026-03-23 09:31:00-04:00,2026-03-23 09:33:00-04:00,3,1,34.0,2026-03-23 10:04:00-04:00,105.4,2026-03-23 10:04:00-04:00,take_profit,300.0,0.0,40.00000000000341,104.55,4,2026-03-23 09:34:00-04:00
2026-03-24,red,103.8375,long,104.45,0,1,2026-03-24 09:30:00-04:00,2026-03-24 09:31:00-04:00,2,0,,,104.025,2026-03-24 13:55:00-04:00,session_end,75.0,0.0,115.00000000000341,103.55,212,2026-03-24 13:05:00-04:00
2026-03-25,red,103.26249999999999,long,103.5,0,1,2026-03-25 09:30:00-04:00,2026-03-25 09:31:00-04:00,2,1,3.0,2026-03-25 09:33:00-04:00,103.5,2026-03-25 09:33:00-04:00,take_profit,95.00000000000455,0.0,94.99999999999318,103.025,2,2026-03-25 09:32:00-04:00
2026-03-26,green,104.125,short,104.0,0,1,2026-03-26 09:30:00-04:00,2026-03-26 09:31:00-04:00,2,1,8.0,2026-03-26 09:38:00-04:00,104.0,2026-03-26 09:38:00-04:00,take_profit,50.0,0.0,110.00000000000227,104.4,4,2026-03-26 09:34:00-04:00
2026-03-27,red,105.2125,long,105.625,1,2,2026-03-27 09:31:00-04:00,2026-03-27 09:32:00-04:00,2,1,5.0,2026-03-27 09:35:00-04:00,105.625,2026-03-27 09:35:00-04:00,take_profit,164.99999999999773,0.0,55.00000000000114,105.075,3,2026-03-27 09:33:00-04:00
2026-03-30,green,106.5,short,105.825,1,4,2026-03-30 09:31:00-04:00,2026-03-30 09:34:00-04:00,4,1,258.0,2026-03-30 13:54:00-04:00,105.825,2026-03-30 13:54:00-04:00,take_profit,269.99999999999886,0.0,339.9999999999977,107.35,14,2026-03-30 09:44:00-04:00
2026-03-31,green,106.4375,short,105.9,0,2,2026-03-31 09:30:00-04:00,2026-03-31 09:32:00-04:00,3,1,56.0,2026-03-31 10:26:00-04:00,105.9,2026-03-31 10:26:00-04:00,take_profit,214.99999999999773,0.0,135.00000000000227,106.775,30,2026-03-31 10:00:00-04:00
2026-04-01,green,105.5625,short,104.85,0,3,2026-04-01 09:30:00-04:00,2026-04-01 09:33:00-04:00,4,1,66.0,2026-04-01 10:36:00-04:00,104.85,2026-04-01 10:36:00-04:00,take_profit,285.0000000000023,0.0,64.99999999999773,105.725,5,2026-04-01 09:35:00-04:00
2026-04-02,green,104.4875,short,104.175,3,4,2026-04-02 09:33:00-04:00,2026-04-02 09:34:00-04:00,2,1,26.0,2026-04-02 09:56:00-04:00,104.175,2026-04-02 09:56:00-04:00,take_profit,125.0,0.0,155.00000000000114,104.875,9,2026-04-02 09:39:00-04:00
2026-04-06,green,106.25,short,105.15,0,3,2026-04-06 09:30:00-04:00,2026-04-06 09:33:00-04:00,4,0,,,107.7,2026-04-06 13:55:00-04:00,session_end,0.0,580.0000000000011,639.9999999999977,107.85,244,2026-04-06 13:34:00-04:00
2026-04-07,green,107.4625,short,107.325,1,2,2026-04-07 09:31:00-04:00,2026-04-07 09:32:00-04:00,2,1,3.0,2026-04-07 09:33:00-04:00,107.325,2026-04-07 09:33:00-04:00,take_profit,55.00000000000114,0.0,14.999999999997726,107.5,3,2026-04-07 09:33:00-04:00
2026-04-08,red,106.6,long,107.275,1,2,2026-04-08 09:31:00-04:00,2026-04-08 09:32:00-04:00,2,0,,,104.675,2026-04-08 13:55:00-04:00,session_end,0.0,769.9999999999989,800.0,104.6,263,2026-04-08 13:53:00-04:00
2026-04-09,red,104.2875,long,104.5,2,3,2026-04-09 09:32:00-04:00,2026-04-09 09:33:00-04:00,2,1,7.0,2026-04-09 09:37:00-04:00,104.5,2026-04-09 09:37:00-04:00,take_profit,85.00000000000227,0.0,4.9999999999954525,104.275,4,2026-04-09 09:34:00-04:00
2026-04-10,green,103.8125,short,103.75,1,2,2026-04-10 09:31:00-04:00,2026-04-10 09:32:00-04:00,2,1,3.0,2026-04-10 09:33:00-04:00,103.75,2026-04-10 09:33:00-04:00,take_profit,25.0,0.0,44.99999999999886,103.925,3,2026-04-10 09:33:00-04:00
2026-04-13,red,102.9125,long,103.775,0,1,2026-04-13 09:30:00-04:00,2026-04-13 09:31:00-04:00,2,0,,,103.15,2026-04-13 13:55:00-04:00,session_end,95.00000000000455,0.0,94.99999999999886,102.675,68,2026-04-13 10:38:00-04:00
2026-04-14,red,102.63749999999999,long,103.125,0,5,2026-04-14 09:30:00-04:00,2026-04-14 09:35:00-04:00,6,1,65.0,2026-04-14 10:35:00-04:00,103.125,2026-04-14 10:35:00-04:00,take_profit,195.00000000000455,0.0,54.99999999999545,102.5,6,2026-04-14 09:36:00-04:00
2026-04-15,red,102.0625,long,102.45,0,1,2026-04-15 09:30:00-04:00,2026-04-15 09:31:00-04:00,2,1,34.0,2026-04-15 10:04:00-04:00,102.45,2026-04-15 10:04:00-04:00,take_profit,155.00000000000114,0.0,44.99999999999886,101.95,15,2026-04-15 09:45:00-04:00
2026-04-16,green,101.5625,short,101.375,1,4,2026-04-16 09:31:00-04:00,2026-04-16 09:34:00-04:00,4,0,,,101.625,2026-04-16 13:55:00-04:00,session_end,0.0,25.0,355.00000000000114,102.45,141,2026-04-16 11:51:00-04:00
2026-04-17,red,101.5625,long,101.925,0,3,2026-04-17 09:30:00-04:00,2026-04-17 09:33:00-04:00,4,0,,,101.075,2026-04-17 13:55:00-04:00,session_end,0.0,194.99999999999886,555.0000000000011,100.175,130,2026-04-17 11:40:00-04:00
2026-04-20,green,101.65,short,101.2,1,3,2026-04-20 09:31:00-04:00,2026-04-20 09:33:00-04:00,3,1,9.0,2026-04-20 09:39:00-04:00,101.2,2026-04-20 09:39:00-04:00,take_profit,180.00000000000114,0.0,19.999999999998863,101.7,4,2026-04-20 09:34:00-04:00
2026-04-21,red,102.7875,long,103.2,1,3,2026-04-21 09:31:00-04:00,2026-04-21 09:33:00-04:00,3,1,23.0,2026-04-21 09:53:00-04:00,103.2,2026-04-21 09:53:00-04:00,take_profit,165.0000000000034,0.0,44.99999999999886,102.675,4,2026-04-21 09:34:00-04:00
2026-04-22,green,103.325,short,103.075,2,8,2026-04-22 09:32:00-04:00,2026-04-22 09:38:00-04:00,7,1,125.0,2026-04-22 11:36:00-04:00,103.075,2026-04-22 11:36:00-04:00,take_profit,100.0,0.0,180.00000000000114,103.775,89,2026-04-22 11:00:00-04:00
2026-04-23,red,102.3125,long,102.55,6,7,2026-04-23 09:36:00-04:00,2026-04-23 09:37:00-04:00,2,1,14.0,2026-04-23 09:44:00-04:00,102.55,2026-04-23 09:44:00-04:00,take_profit,94.99999999999886,0.0,14.999999999997726,102.275,8,2026-04-23 09:38:00-04:00
2026-04-24,green,103.3875,short,103.225,1,4,2026-04-24 09:31:00-04:00,2026-04-24 09:34:00-04:00,4,1,7.0,2026-04-24 09:37:00-04:00,103.225,2026-04-24 09:37:00-04:00,take_profit,65.00000000000341,0.0,34.99999999999659,103.475,5,2026-04-24 09:35:00-04:00
2026-04-27,green,102.375,short,102.05,0,2,2026-04-27 09:30:00-04:00,2026-04-27 09:32:00-04:00,3,0,,,102.2,2026-04-27 13:55:00-04:00,session_end,69.99999999999886,0.0,189.99999999999773,102.85,106,2026-04-27 11:16:00-04:00
2026-04-28,red,101.375,long,102.1,0,3,2026-04-28 09:30:00-04:00,2026-04-28 09:33:00-04:00,4,1,155.0,2026-04-28 12:06:00-04:00,102.1,2026-04-28 12:06:00-04:00,take_profit,289.9999999999977,0.0,110.00000000000227,101.1,8,2026-04-28 09:38:00-04:00
2026-04-29,red,102.3875,long,102.575,1,3,2026-04-29 09:31:00-04:00,2026-04-29 09:33:00-04:00,3,1,8.0,2026-04-29 09:38:00-04:00,102.575,2026-04-29 09:38:00-04:00,take_profit,75.0,0.0,5.000000000001137,102.375,4,2026-04-29 09:34:00-04:00
2026-04-30,red,103.7,long,103.75,0,2,2026-04-30 09:30:00-04:00,2026-04-30 09:32:00-04:00,3,1,3.0,2026-04-30 09:33:00-04:00,103.75,2026-04-30 09:33:00-04:00,take_profit,19.999999999998863,0.0,19.999999999998863,103.65,3,2026-04-30 09:33:00-04:00
