session_date,session_open,prev_session_close,open_gap,open_gap_pct,break_direction,break_time,minutes_until_break,break_close,break_move,break_move_pct,cumulative_move_until_break,cumulative_move_until_break_pct,reverted_to_open,reversion_time,reversion_close,minutes_from_break_to_reversion,move_from_break_to_reversion,move_from_break_to_reversion_pct,session_end_time,session_end_close,move_from_break_to_session_end,move_from_break_to_session_end_pct,cum_abs_break_move_reverted,cum_abs_session_end_move_not_reverted
2025-05-01,98.0,,,,,,,,,,,,0,,,,,,2025-05-01 14:04:00-04:00,98.175,,,0.0,
2025-05-02,98.175,98.175,0.0,0.0,none,,,,,,,,0,,,,,,2025-05-02 14:04:00-04:00,99.45,,,0.0,
2025-05-05,99.35,99.45,-0.10000000000000853,-0.1005530417295209,up,2025-05-05 09:33:00-04:00,3.0,99.125,-0.22499999999999432,-0.2264720684448861,-0.25,-0.25157232704402516,1,2025-05-05 09:34:00-04:00,98.95,1.0,-0.17499999999999716,-0.1765447667086983,2025-05-05 14:04:00-04:00,99.0,,,0.22499999999999432,0.0
2025-05-06,98.3,99.0,-0.7000000000000028,-0.70707070707071,up,2025-05-06 09:31:00-04:00,1.0,98.2,-0.09999999999999432,-0.10172939979653543,0.10000000000000853,0.10193679918451432,1,2025-05-06 09:32:00-04:00,97.925,1.0,-0.2750000000000057,-0.2800407331975618,2025-05-06 14:04:00-04:00,97.5,,,0.32499999999998863,0.0
2025-05-07,97.475,97.5,-0.025000000000005684,-0.02564102564103147,up,2025-05-07 09:31:00-04:00,1.0,97.6,0.125,0.12823800974608876,0.024999999999991473,0.025621316935681756,1,2025-05-07 09:32:00-04:00,97.425,1.0,-0.17499999999999716,-0.1793032786885217,2025-05-07 14:04:00-04:00,97.35,,,0.44999999999998863,0.0
2025-05-08,97.125,97.35,-0.22499999999999432,-0.231124807395988,up,2025-05-08 09:33:00-04:00,3.0,96.85,-0.2750000000000057,-0.283140283140289,-0.25,-0.25746652935118436,1,2025-05-08 09:34:00-04:00,96.85,1.0,0.0,0.0,2025-05-08 14:04:00-04:00,97.275,,,0.7249999999999943,0.0
2025-05-09,97.075,97.275,-0.20000000000000284,-0.20560267283474976,up,2025-05-09 09:33:00-04:00,3.0,97.45,0.375,0.38629925315477726,0.10000000000000853,0.10272213662045047,1,2025-05-09 09:44:00-04:00,97.025,11.0,-0.42499999999999716,-0.43612108773729824,2025-05-09 14:04:00-04:00,97.675,,,1.0999999999999943,0.0
2025-05-12,99.025,97.675,1.3500000000000085,1.3821346301510198,down,2025-05-12 09:35:00-04:00,5.0,99.55,0.5249999999999915,0.5301691492047377,0.32500000000000284,0.3275384227765209,1,2025-05-12 09:36:00-04:00,99.425,1.0,-0.125,-0.12556504269211452,2025-05-12 14:04:00-04:00,98.225,,,1.6249999999999858,0.0
2025-05-13,97.925,98.225,-0.29999999999999716,-0.305421226775258,up,2025-05-13 09:31:00-04:00,1.0,97.875,-0.04999999999999716,-0.051059484299205676,0.15000000000000568,0.15349194167306798,1,2025-05-13 09:32:00-04:00,97.925,1.0,0.04999999999999716,0.05108556832694474,2025-05-13 14:04:00-04:00,99.6,,,1.674999999999983,0.0
2025-05-14,99.55,99.6,-0.04999999999999716,-0.050200803212848547,up,2025-05-14 09:33:00-04:00,3.0,99.025,-0.5249999999999915,-0.5273731793068723,-0.375,-0.3772635814889336,1,2025-05-14 09:34:00-04:00,98.925,1.0,-0.10000000000000853,-0.10098459984853171,2025-05-14 14:04:00-04:00,98.775,,,2.1999999999999744,0.0
2025-05-15,98.5,98.775,-0.2750000000000057,-0.27841052898001084,up,2025-05-15 09:32:00-04:00,2.0,98.425,-0.07500000000000284,-0.07614213197969831,0.0,0.0,1,2025-05-15 09:38:00-04:00,98.35,6.0,-0.07500000000000284,-0.0762001524003077,2025-05-15 14:04:00-04:00,100.75,,,2.2749999999999773,0.0
2025-05-16,100.875,100.75,0.125,0.12406947890818859,down,2025-05-16 09:31:00-04:00,1.0,100.8,-0.07500000000000284,-0.07434944237918498,-0.15000000000000568,-0.14858841010401752,1,2025-05-16 09:32:00-04:00,101.0,1.0,0.20000000000000284,0.19841269841270123,2025-05-16 14:04:00-04:00,100.45,,,2.34999999999998,0.0
2025-05-19,104.2,100.45,3.75,3.7332005973120954,down,2025-05-19 09:31:00-04:00,1.0,103.675,-0.5250000000000057,-0.5038387715930956,-0.20000000000000284,-0.1925391095066213,0,,,,,,2025-05-19 14:04:00-04:00,103.5,-0.17499999999999716,-0.16879672052085573,2.34999999999998,0.17499999999999716
2025-05-20,103.925,103.5,0.42499999999999716,0.41062801932366877,down,2025-05-20 09:31:00-04:00,1.0,103.4,-0.5249999999999915,-0.5051719990377594,-0.024999999999991473,-0.02417210539037126,0,,,,,,2025-05-20 14:04:00-04:00,103.525,0.125,0.12088974854932301,2.34999999999998,0.29999999999999716
2025-05-21,103.55,103.525,0.024999999999991473,0.024148756339040303,down,2025-05-21 09:33:00-04:00,3.0,103.575,0.025000000000005684,0.024142926122651554,0.20000000000000284,0.19347037484885402,1,2025-05-21 09:36:00-04:00,103.55,3.0,-0.025000000000005684,-0.024137098720739256,2025-05-21 14:04:00-04:00,102.675,,,2.374999999999986,0.29999999999999716
2025-05-22,102.5,102.675,-0.17499999999999716,-0.17044071098124877,up,2025-05-22 09:32:00-04:00,2.0,102.15,-0.3499999999999943,-0.3414634146341408,-0.125,-0.12221950623319482,1,2025-05-22 09:33:00-04:00,102.1,1.0,-0.05000000000001137,-0.048947626040148184,2025-05-22 14:04:00-04:00,101.95,,,2.72499999999998,0.29999999999999716
2025-05-23,101.4,101.95,-0.5499999999999972,-0.539480137322214,up,2025-05-23 09:31:00-04:00,1.0,101.6,0.19999999999998863,0.19723865877710908,0.19999999999998863,0.19723865877710908,1,2025-05-23 10:32:00-04:00,101.4,61.0,-0.19999999999998863,-0.1968503937007762,2025-05-23 14:04:00-04:00,101.7,,,2.9249999999999687,0.29999999999999716
2025-05-27,101.8,101.7,0.09999999999999432,0.09832841691248212,down,2025-05-27 09:32:00-04:00,2.0,101.45,-0.3499999999999943,-0.3438113948919394,0.025000000000005684,0.024648755237866093,1,2025-05-27 10:07:00-04:00,101.85,35.0,0.3999999999999915,0.3942828979792918,2025-05-27 14:04:00-04:00,102.375,,,3.274999999999963,0.29999999999999716
2025-05-28,102.45,102.375,0.07500000000000284,0.07326007326007604,down,2025-05-28 09:45:00-04:00,15.0,103.6,1.1499999999999915,1.1224987798926223,0.7749999999999915,0.7537077558959314,1,2025-05-28 09:46:00-04:00,103.55,1.0,-0.04999999999999716,-0.04826254826254552,2025-05-28 14:04:00-04:00,103.35,,,4.4249999999999545,0.29999999999999716
2025-05-29,103.4,103.35,0.05000000000001137,0.04837929366232353,down,2025-05-29 09:31:00-04:00,1.0,103.125,-0.2750000000000057,-0.26595744680851613,-0.125,-0.12106537530266344,1,2025-05-29 09:42:00-04:00,103.4,11.0,0.2750000000000057,0.26666666666667216,2025-05-29 14:04:00-04:00,102.95,,,4.69999999999996,0.29999999999999716
2025-05-30,103.125,102.95,0.17499999999999716,0.16998542982029835,down,2025-05-30 09:31:00-04:00,1.0,103.075,-0.04999999999999716,-0.04848484848484573,-0.14999999999999147,-0.14531363526276722,1,2025-05-30 09:36:00-04:00,103.175,5.0,0.09999999999999432,0.09701673538684871,2025-05-30 14:04:00-04:00,104.85,,,4.749999999999957,0.29999999999999716
2025-06-02,104.925,104.85,0.07500000000000284,0.07153075822603991,down,2025-06-02 09:31:00-04:00,1.0,104.95,0.025000000000005684,0.023826542768649688,-0.14999999999999147,-0.14272121788771785,1,2025-06-02 09:32:00-04:00,105.1,1.0,0.14999999999999147,0.14292520247736204,2025-06-02 14:04:00-04:00,104.8,,,4.774999999999963,0.29999999999999716
2025-06-03,104.9,104.8,0.10000000000000853,0.09541984732825241,down,2025-06-03 09:34:00-04:00,4.0,104.925,0.024999999999991473,0.023832221163004264,0.20000000000000284,0.19097636667462675,1,2025-06-03 09:36:00-04:00,104.9,2.0,-0.024999999999991473,-0.023826542768636143,2025-06-03 14:04:00-04:00,104.425,,,4.7999999999999545,0.29999999999999716
2025-06-04,104.625,104.425,0.20000000000000284,0.19152501795547316,down,2025-06-04 09:32:00-04:00,2.0,104.85,0.22499999999999432,0.2150537634408548,0.17499999999999716,0.16718414139001403,1,2025-06-04 09:33:00-04:00,104.9,1.0,0.05000000000001137,0.04768717215070231,2025-06-04 14:04:00-04:00,105.0,,,5.024999999999949,0.29999999999999716
2025-06-05,105.225,105.0,0.22499999999999432,0.21428571428570886,down,2025-06-05 09:31:00-04:00,1.0,105.1,-0.125,-0.11879306248515087,-0.05000000000001137,-0.04755111745127091,1,2025-06-05 09:50:00-04:00,105.275,19.0,0.17500000000001137,0.16650808753569113,2025-06-05 14:04:00-04:00,104.6,,,5.149999999999949,0.29999999999999716
2025-06-06,105.125,104.6,0.5250000000000057,0.5019120458891068,down,2025-06-06 09:34:00-04:00,4.0,105.4,0.2750000000000057,0.2615933412604097,0.30000000000001137,0.2854424357754628,1,2025-06-06 09:35:00-04:00,105.65,1.0,0.25,0.23719165085388993,2025-06-06 14:04:00-04:00,107.225,,,5.4249999999999545,0.29999999999999716
2025-06-09,107.1,107.225,-0.125,-0.11657729074376312,up,2025-06-09 09:31:00-04:00,1.0,106.725,-0.375,-0.350140056022409,0.07499999999998863,0.07032348804499637,1,2025-06-09 09:32:00-04:00,106.675,1.0,-0.04999999999999716,-0.046849379245722335,2025-06-09 14:04:00-04:00,107.15,,,5.7999999999999545,0.29999999999999716
2025-06-10,107.15,107.15,0.0,0.0,none,,,,,,,,0,,,,,,2025-06-10 14:04:00-04:00,108.15,,,5.7999999999999545,
2025-06-11,108.5,108.15,0.3499999999999943,0.3236245954692504,down,2025-06-11 09:33:00-04:00,3.0,108.65,0.15000000000000568,0.13824884792627254,0.0,0.0,1,2025-06-11 09:34:00-04:00,108.55,1.0,-0.10000000000000853,-0.0920386562356268,2025-06-11 14:04:00-04:00,108.875,,,5.94999999999996,0.29999999999999716
2025-06-12,108.85,108.875,-0.025000000000005684,-0.02296211251435654,up,2025-06-12 09:32:00-04:00,2.0,108.925,0.07500000000000284,0.06890215893431588,0.17499999999999716,0.16091954022988245,1,2025-06-12 13:43:00-04:00,108.825,251.0,-0.09999999999999432,-0.09180628873077284,2025-06-12 14:04:00-04:00,108.825,,,6.024999999999963,0.29999999999999716
2025-06-13,108.825,108.825,0.0,0.0,none,,,,,,,,0,,,,,,2025-06-13 14:04:00-04:00,109.35,,,6.024999999999963,
2025-06-16,111.0,109.35,1.6500000000000057,1.5089163237311438,down,2025-06-16 09:35:00-04:00,5.0,111.725,0.7249999999999943,0.653153153153148,0.3999999999999915,0.3593083314619281,1,2025-06-16 09:36:00-04:00,111.725,1.0,0.0,0.0,2025-06-16 14:04:00-04:00,112.875,,,6.749999999999957,0.29999999999999716
2025-06-17,112.95,112.875,0.07500000000000284,0.06644518272425501,down,2025-06-17 09:31:00-04:00,1.0,112.875,-0.07500000000000284,-0.06640106241700118,-0.025000000000005684,-0.02214348981399972,1,2025-06-17 09:33:00-04:00,113.025,2.0,0.15000000000000568,0.13289036544851002,2025-06-17 14:04:00-04:00,111.7,,,6.82499999999996,0.29999999999999716
2025-06-18,112.25,111.7,0.5499999999999972,0.49239033124440207,down,2025-06-18 09:31:00-04:00,1.0,112.325,0.07500000000000284,0.06681514476614953,-0.024999999999991473,-0.02225189141076233,1,2025-06-18 09:32:00-04:00,112.55,1.0,0.22499999999999432,0.20031159581570826,2025-06-18 14:04:00-04:00,112.0,,,6.899999999999963,0.29999999999999716
2025-06-20,111.875,112.0,-0.125,-0.11160714285714285,up,2025-06-20 09:31:00-04:00,1.0,112.075,0.20000000000000284,0.17877094972067292,0.17499999999999716,0.1563896336014273,1,2025-06-20 09:33:00-04:00,111.75,2.0,-0.32500000000000284,-0.2899843854561703,2025-06-20 14:04:00-04:00,112.35,,,7.099999999999966,0.29999999999999716
2025-06-23,112.8,112.35,0.45000000000000284,0.400534045393861,down,2025-06-23 09:31:00-04:00,1.0,112.65,-0.14999999999999147,-0.13297872340424777,-0.09999999999999432,-0.08869179600886413,1,2025-06-23 11:25:00-04:00,112.825,114.0,0.17499999999999716,0.1553484243231222,2025-06-23 14:04:00-04:00,112.825,,,7.249999999999957,0.29999999999999716
2025-06-24,113.125,112.825,0.29999999999999716,0.26589851539995313,down,2025-06-24 09:31:00-04:00,1.0,112.475,-0.6500000000000057,-0.5745856353591211,-0.10000000000000853,-0.08882966910949014,0,,,,,,2025-06-24 14:04:00-04:00,110.775,-1.6999999999999886,-1.5114469882195942,7.249999999999957,1.9999999999999858
2025-06-25,110.75,110.775,-0.025000000000005684,-0.022568269013771774,up,2025-06-25 09:31:00-04:00,1.0,110.65,-0.09999999999999432,-0.09029345372459983,0.20000000000000284,0.1810774105930311,1,2025-06-25 09:32:00-04:00,110.45,1.0,-0.20000000000000284,-0.18075011296882318,2025-06-25 14:04:00-04:00,111.125,,,7.349999999999952,1.9999999999999858
2025-06-26,111.45,111.125,0.32500000000000284,0.29246344206974384,down,2025-06-26 09:31:00-04:00,1.0,111.2,-0.25,-0.22431583669807087,-0.07500000000000284,-0.06740058413839842,0,,,,,,2025-06-26 14:04:00-04:00,110.275,-0.9249999999999972,-0.8318345323740981,7.349999999999952,2.924999999999983
2025-06-27,108.95,110.275,-1.3250000000000028,-1.2015416005440969,up,2025-06-27 09:31:00-04:00,1.0,108.85,-0.10000000000000853,-0.09178522257917257,0.04999999999999716,0.045955882352938564,1,2025-06-27 09:32:00-04:00,108.775,1.0,-0.07499999999998863,-0.06890215893430283,2025-06-27 14:04:00-04:00,110.275,,,7.44999999999996,2.924999999999983
2025-06-30,109.275,110.275,-1.0,-0.906823849467241,up,2025-06-30 09:36:00-04:00,6.0,107.65,-1.625,-1.4870738961336079,-1.25,-1.147842056932966,1,2025-06-30 09:37:00-04:00,107.475,1.0,-0.17500000000001137,-0.16256386437530085,2025-06-30 14:04:00-04:00,107.3,,,9.07499999999996,2.924999999999983
2025-07-01,107.45,107.3,0.15000000000000568,0.13979496738117958,down,2025-07-01 09:35:00-04:00,5.0,107.4,-0.04999999999999716,-0.04653327128896897,0.4750000000000085,0.44423661444938833,1,2025-07-01 09:36:00-04:00,107.475,1.0,0.07499999999998863,0.06983240223462628,2025-07-01 14:04:00-04:00,106.975,,,9.124999999999957,2.924999999999983
2025-07-02,106.6,106.975,-0.375,-0.35054919373685445,up,2025-07-02 09:34:00-04:00,4.0,106.925,0.32500000000000284,0.3048780487804905,0.09999999999999432,0.09361104610343488,1,2025-07-02 10:41:00-04:00,106.525,67.0,-0.3999999999999915,-0.37409399111525976,2025-07-02 14:04:00-04:00,107.775,,,9.44999999999996,2.924999999999983
2025-07-03,107.425,107.775,-0.3500000000000085,-0.3247506379030466,up,2025-07-03 09:34:00-04:00,4.0,107.475,0.04999999999999716,0.04654410053525451,-0.125,-0.11617100371747212,1,2025-07-03 09:36:00-04:00,107.425,2.0,-0.04999999999999716,-0.046522447080713805,2025-07-03 14:04:00-04:00,106.05,,,9.499999999999957,2.924999999999983
2025-07-07,105.75,106.05,-0.29999999999999716,-0.2828854314002802,up,2025-07-07 09:32:00-04:00,2.0,105.9,0.15000000000000568,0.14184397163121104,0.05000000000001137,0.04723665564479109,0,,,,,,2025-07-07 14:04:00-04:00,107.275,1.375,1.2983947119924457,9.499999999999957,4.299999999999983
2025-07-08,107.6,107.275,0.32499999999998863,0.3029596830575517,down,2025-07-08 09:31:00-04:00,1.0,107.55,-0.04999999999999716,-0.04646840148698621,-0.15000000000000568,-0.13927576601671837,0,,,,,,2025-07-08 14:04:00-04:00,106.925,-0.625,-0.5811250581125058,9.499999999999957,4.924999999999983
2025-07-09,106.525,106.925,-0.3999999999999915,-0.37409399111525976,up,2025-07-09 09:36:00-04:00,6.0,106.8,0.2749999999999915,0.2581553625909331,0.17499999999999716,0.16412661195779335,0,,,,,,2025-07-09 14:04:00-04:00,107.525,0.7250000000000085,0.6788389513108695,9.499999999999957,5.6499999999999915
2025-07-10,107.45,107.525,-0.07500000000000284,-0.06975122064636395,up,2025-07-10 09:31:00-04:00,1.0,107.875,0.42499999999999716,0.39553280595625606,0.09999999999999432,0.09278589654372008,1,2025-07-10 09:41:00-04:00,107.4,10.0,-0.4749999999999943,-0.4403244495944327,2025-07-10 14:04:00-04:00,106.25,,,9.924999999999955,5.6499999999999915
2025-07-11,106.8,106.25,0.5499999999999972,0.5176470588235268,down,2025-07-11 09:31:00-04:00,1.0,106.55,-0.25,-0.23408239700374533,-0.22500000000000853,-0.2107234839616095,1,2025-07-11 09:36:00-04:00,106.9,5.0,0.3500000000000085,0.328484279680909,2025-07-11 14:04:00-04:00,104.85,,,10.174999999999955,5.6499999999999915
2025-07-14,104.85,104.85,0.0,0.0,none,,,,,,,,0,,,,,,2025-07-14 14:04:00-04:00,103.3,,,10.174999999999955,
2025-07-15,103.875,103.3,0.5750000000000028,0.5566311713455981,down,2025-07-15 09:31:00-04:00,1.0,103.55,-0.32500000000000284,-0.3128760529482578,-0.07500000000000284,-0.07237635705669757,1,2025-07-15 12:57:00-04:00,103.875,206.0,0.32500000000000284,0.3138580395944016,2025-07-15 14:04:00-04:00,103.975,,,10.499999999999957,5.6499999999999915
2025-07-16,104.55,103.975,0.5750000000000028,0.5530175522962278,down,2025-07-16 09:33:00-04:00,3.0,105.075,0.5250000000000057,0.5021520803443382,0.5499999999999972,0.5261899067208775,1,2025-07-16 09:34:00-04:00,104.975,1.0,-0.10000000000000853,-0.09517011658340092,2025-07-16 14:04:00-04:00,104.55,,,11.024999999999963,5.6499999999999915
2025-07-17,88.95,104.55,-15.599999999999994,-14.92109038737446,up,2025-07-17 09:35:00-04:00,5.0,88.975,0.024999999999991473,0.028105677346814475,-0.6000000000000085,-0.66982975160481,1,2025-07-17 09:36:00-04:00,88.95,1.0,-0.024999999999991473,-0.028097780275348663,2025-07-17 14:04:00-04:00,90.825,,,11.049999999999955,5.6499999999999915
2025-07-18,106.475,90.825,15.649999999999991,17.230938618221845,down,2025-07-18 09:32:00-04:00,2.0,106.375,-0.09999999999999432,-0.09391876027235907,-0.025000000000005684,-0.0234962406015091,1,2025-07-18 09:34:00-04:00,106.475,2.0,0.09999999999999432,0.09400705052878432,2025-07-18 14:04:00-04:00,106.5,,,11.149999999999949,5.6499999999999915
2025-07-21,90.8,106.5,-15.700000000000003,-14.74178403755869,up,2025-07-21 09:32:00-04:00,2.0,90.55,-0.25,-0.27533039647577096,-0.15000000000000568,-0.1653803748621893,1,2025-07-21 09:33:00-04:00,90.575,1.0,0.025000000000005684,0.027609055770298936,2025-07-21 14:04:00-04:00,90.925,,,11.399999999999949,5.6499999999999915
2025-07-22,91.075,90.925,0.15000000000000568,0.16497113005224712,down,2025-07-22 09:31:00-04:00,1.0,91.05,-0.025000000000005684,-0.027449903925342505,-0.025000000000005684,-0.027449903925342505,1,2025-07-22 09:34:00-04:00,91.125,3.0,0.07500000000000284,0.0823723228995089,2025-07-22 14:04:00-04:00,90.45,,,11.424999999999955,5.6499999999999915
2025-07-23,90.525,90.45,0.07500000000000284,0.08291873963516068,down,2025-07-23 09:31:00-04:00,1.0,90.025,-0.5,-0.552333609500138,-0.14999999999999147,-0.16634322151371386,1,2025-07-23 09:40:00-04:00,90.525,9.0,0.5,0.5554012774229381,2025-07-23 14:04:00-04:00,90.85,,,11.924999999999955,5.6499999999999915
2025-07-24,90.875,90.85,0.025000000000005684,0.02751788662631336,down,2025-07-24 09:31:00-04:00,1.0,90.375,-0.5,-0.5502063273727648,-0.17499999999999716,-0.19326339039204546,1,2025-07-24 10:21:00-04:00,90.9,50.0,0.5250000000000057,0.5809128630705457,2025-07-24 14:04:00-04:00,90.975,,,12.424999999999955,5.6499999999999915
2025-07-25,90.925,90.975,-0.04999999999999716,-0.05496015388842776,up,2025-07-25 09:36:00-04:00,6.0,90.275,-0.6499999999999915,-0.7148748968930344,-0.3999999999999915,-0.44113592500688337,1,2025-07-25 09:37:00-04:00,90.2,1.0,-0.07500000000000284,-0.0830794793685991,2025-07-25 14:04:00-04:00,90.525,,,13.074999999999946,5.6499999999999915
2025-07-28,91.0,90.525,0.4749999999999943,0.5247169290251249,down,2025-07-28 09:31:00-04:00,1.0,90.0,-1.0,-1.098901098901099,-0.29999999999999716,-0.3322259136212593,0,,,,,,2025-07-28 14:04:00-04:00,90.675,0.6749999999999972,0.7499999999999969,13.074999999999946,6.324999999999989
2025-07-29,90.475,90.675,-0.20000000000000284,-0.2205679625034495,up,2025-07-29 09:31:00-04:00,1.0,90.1,-0.375,-0.41447913788339324,0.024999999999991473,0.0277546489036819,1,2025-07-29 09:32:00-04:00,90.1,1.0,0.0,0.0,2025-07-29 14:04:00-04:00,88.525,,,13.449999999999946,6.324999999999989
2025-07-30,88.55,88.525,0.024999999999991473,0.028240609997166308,down,2025-07-30 09:31:00-04:00,1.0,88.3,-0.25,-0.28232636928289107,-0.025000000000005684,-0.028304557033688855,1,2025-07-30 09:35:00-04:00,88.65,4.0,0.3500000000000085,0.39637599093998704,2025-07-30 14:04:00-04:00,89.3,,,13.699999999999946,6.324999999999989
2025-07-31,89.4,89.3,0.10000000000000853,0.11198208286675086,down,2025-07-31 09:31:00-04:00,1.0,88.925,-0.4750000000000085,-0.5313199105145509,-0.20000000000000284,-0.2244039270687269,1,2025-07-31 09:52:00-04:00,89.425,21.0,0.5,0.562271577171774,2025-07-31 14:04:00-04:00,89.55,,,14.174999999999955,6.324999999999989
2025-08-01,89.25,89.55,-0.29999999999999716,-0.3350083752093771,up,2025-08-01 09:31:00-04:00,1.0,89.3,0.04999999999999716,0.05602240896358225,0.125,0.14017381553125877,1,2025-08-01 09:32:00-04:00,89.2,1.0,-0.09999999999999432,-0.11198208286673497,2025-08-01 14:04:00-04:00,90.125,,,14.224999999999952,6.324999999999989
2025-08-04,90.325,90.125,0.20000000000000284,0.2219140083217785,down,2025-08-04 09:32:00-04:00,2.0,90.325,0.0,0.0,-0.14999999999999147,-0.16579165515334787,1,2025-08-04 09:33:00-04:00,90.425,1.0,0.09999999999999432,0.11071132023248748,2025-08-04 14:04:00-04:00,90.85,,,14.224999999999952,6.324999999999989
2025-08-05,90.9,90.85,0.05000000000001137,0.05503577325262672,down,2025-08-05 09:32:00-04:00,2.0,90.975,0.07499999999998863,0.08250825082507,-0.025000000000005684,-0.027472527472533717,1,2025-08-05 09:33:00-04:00,91.175,1.0,0.20000000000000284,0.2198406155537267,2025-08-05 14:04:00-04:00,92.775,,,14.29999999999994,6.324999999999989
2025-08-06,92.85,92.775,0.07499999999998863,0.0808407437348301,down,2025-08-06 09:33:00-04:00,3.0,93.2,0.3500000000000085,0.376952073236412,0.2750000000000057,0.29593758407318344,1,2025-08-06 09:34:00-04:00,93.125,1.0,-0.07500000000000284,-0.08047210300429489,2025-08-06 14:04:00-04:00,91.925,,,14.649999999999949,6.324999999999989
2025-08-07,91.85,91.925,-0.07500000000000284,-0.08158825129181707,up,2025-08-07 09:31:00-04:00,1.0,91.925,0.07500000000000284,0.08165487207403685,0.20000000000000284,0.21804306350504538,1,2025-08-07 09:32:00-04:00,91.775,1.0,-0.14999999999999147,-0.16317650258361868,2025-08-07 14:04:00-04:00,90.9,,,14.724999999999952,6.324999999999989
2025-08-08,90.925,90.9,0.024999999999991473,0.027502750275018122,down,2025-08-08 09:33:00-04:00,3.0,90.8,-0.125,-0.13747594171020072,0.09999999999999432,0.11025358324144909,1,2025-08-08 09:35:00-04:00,90.975,2.0,0.17499999999999716,0.19273127753303654,2025-08-08 14:04:00-04:00,90.55,,,14.849999999999952,6.324999999999989
2025-08-11,90.8,90.55,0.25,0.27609055770292656,down,2025-08-11 09:31:00-04:00,1.0,91.025,0.22500000000000853,0.24779735682820322,-0.024999999999991473,-0.02745744096649256,1,2025-08-11 09:32:00-04:00,91.1,1.0,0.07499999999998863,0.08239494644327232,2025-08-11 14:04:00-04:00,91.625,,,15.07499999999996,6.324999999999989
2025-08-12,91.85,91.625,0.22499999999999432,0.24556616643928436,down,2025-08-12 09:31:00-04:00,1.0,91.675,-0.17499999999999716,-0.190528034839409,-0.10000000000000853,-0.10896213565786818,1,2025-08-12 09:40:00-04:00,91.95,9.0,0.2750000000000057,0.29997272975184697,2025-08-12 14:04:00-04:00,91.5,,,15.249999999999957,6.324999999999989
2025-08-13,91.175,91.5,-0.32500000000000284,-0.3551912568306042,up,2025-08-13 09:31:00-04:00,1.0,91.425,0.25,0.2741979709350151,0.07500000000000284,0.0821018062397404,1,2025-08-13 09:35:00-04:00,91.175,4.0,-0.25,-0.27344818156959255,2025-08-13 14:04:00-04:00,90.725,,,15.499999999999957,6.324999999999989
2025-08-14,90.775,90.725,0.05000000000001137,0.05511160099202136,down,2025-08-14 09:31:00-04:00,1.0,90.0,-0.7750000000000057,-0.8537592949600723,-0.32500000000000284,-0.3598117907556079,0,,,,,,2025-08-14 14:04:00-04:00,88.9,-1.0999999999999943,-1.2222222222222159,15.499999999999957,7.424999999999983
2025-08-15,89.125,88.9,0.22499999999999432,0.2530933633295774,down,2025-08-15 09:32:00-04:00,2.0,89.025,-0.09999999999999432,-0.11220196353435548,0.025000000000005684,0.028089887640455828,1,2025-08-15 09:34:00-04:00,89.2,2.0,0.17499999999999716,0.1965739960685169,2025-08-15 14:04:00-04:00,90.125,,,15.599999999999952,7.424999999999983
2025-08-18,90.3,90.125,0.17499999999999716,0.19417475728155026,down,2025-08-18 09:32:00-04:00,2.0,89.85,-0.45000000000000284,-0.49833887043189684,0.07499999999998863,0.08354218880533404,1,2025-08-18 09:54:00-04:00,90.325,22.0,0.4750000000000085,0.5286588759042944,2025-08-18 14:04:00-04:00,90.3,,,16.049999999999955,7.424999999999983
2025-08-19,90.05,90.3,-0.25,-0.2768549280177187,up,2025-08-19 09:31:00-04:00,1.0,90.175,0.125,0.13881177123820101,0.024999999999991473,0.027731558513579006,1,2025-08-19 09:32:00-04:00,90.025,1.0,-0.14999999999999147,-0.16634322151371386,2025-08-19 14:04:00-04:00,90.1,,,16.174999999999955,7.424999999999983
2025-08-20,89.5,90.1,-0.5999999999999943,-0.6659267480577074,up,2025-08-20 09:31:00-04:00,1.0,89.65,0.15000000000000568,0.16759776536313484,0.30000000000001137,0.33575825405709164,1,2025-08-20 09:41:00-04:00,89.475,10.0,-0.17500000000001137,-0.19520356943671094,2025-08-20 14:04:00-04:00,90.0,,,16.32499999999996,7.424999999999983
2025-08-21,90.05,90.0,0.04999999999999716,0.0555555555555524,down,2025-08-21 09:38:00-04:00,8.0,90.375,0.32500000000000284,0.3609106052193257,0.22499999999999432,0.24958402662228985,1,2025-08-21 09:39:00-04:00,90.325,1.0,-0.04999999999999716,-0.055325034578143466,2025-08-21 14:04:00-04:00,89.9,,,16.649999999999963,7.424999999999983
2025-08-22,90.175,89.9,0.2749999999999915,0.3058954393770762,down,2025-08-22 09:32:00-04:00,2.0,90.55,0.375,0.4158580537843083,0.22499999999999432,0.2491004705231047,1,2025-08-22 09:33:00-04:00,90.675,1.0,0.125,0.13804527885146328,2025-08-22 14:04:00-04:00,91.275,,,17.024999999999963,7.424999999999983
2025-08-25,91.5,91.275,0.22499999999999432,0.24650780608051961,down,2025-08-25 09:32:00-04:00,2.0,91.725,0.22499999999999432,0.24590163934425607,0.04999999999999716,0.0545404963185134,1,2025-08-25 09:33:00-04:00,91.8,1.0,0.07500000000000284,0.08176614881439395,2025-08-25 14:04:00-04:00,91.425,,,17.249999999999957,7.424999999999983
2025-08-26,91.5,91.425,0.07500000000000284,0.08203445447088088,down,2025-08-26 09:32:00-04:00,2.0,91.55,0.04999999999999716,0.054644808743166295,0.09999999999999432,0.10934937124110913,1,2025-08-26 09:33:00-04:00,91.55,1.0,0.0,0.0,2025-08-26 14:04:00-04:00,93.4,,,17.299999999999955,7.424999999999983
2025-08-27,93.425,93.4,0.024999999999991473,0.026766595289070095,down,2025-08-27 09:35:00-04:00,5.0,94.15,0.7250000000000085,0.7760235483007851,0.2750000000000057,0.292942743009327,1,2025-08-27 09:36:00-04:00,93.9,1.0,-0.25,-0.26553372278279336,2025-08-27 14:04:00-04:00,93.875,,,18.024999999999963,7.424999999999983
2025-08-28,93.75,93.875,-0.125,-0.13315579227696406,up,2025-08-28 09:31:00-04:00,1.0,93.975,0.22499999999999432,0.23999999999999394,0.07499999999998863,0.07987220447283133,1,2025-08-28 10:25:00-04:00,93.65,54.0,-0.32499999999998863,-0.3458366586858086,2025-08-28 14:04:00-04:00,94.275,,,18.249999999999957,7.424999999999983
2025-08-29,94.425,94.275,0.14999999999999147,0.15910898965790662,down,2025-08-29 09:32:00-04:00,2.0,94.15,-0.2749999999999915,-0.2912364310299089,-0.14999999999999147,-0.1590668080593759,1,2025-08-29 09:52:00-04:00,94.425,20.0,0.2749999999999915,0.2920870950610637,2025-08-29 14:04:00-04:00,95.0,,,18.52499999999995,7.424999999999983
2025-09-02,95.2,95.0,0.20000000000000284,0.21052631578947667,down,2025-09-02 09:35:00-04:00,5.0,95.775,0.5750000000000028,0.6039915966386584,0.3500000000000085,0.36678019386954,1,2025-09-02 09:36:00-04:00,95.6,1.0,-0.17500000000001137,-0.18271991647090718,2025-09-02 14:04:00-04:00,95.5,,,19.09999999999995,7.424999999999983
2025-09-03,95.55,95.5,0.04999999999999716,0.0523560209424054,down,2025-09-03 09:31:00-04:00,1.0,95.15,-0.3999999999999915,-0.41862899005755255,-0.2749999999999915,-0.2881844380403369,0,,,,,,2025-09-03 14:04:00-04:00,93.825,-1.3250000000000028,-1.3925380977404127,19.09999999999995,8.749999999999986
2025-09-04,94.25,93.825,0.42499999999999716,0.4529709565680758,down,2025-09-04 09:36:00-04:00,6.0,94.6,0.3499999999999943,0.37135278514588255,0.44999999999998863,0.47796070100901605,1,2025-09-04 09:37:00-04:00,94.525,1.0,-0.07499999999998863,-0.07928118393233471,2025-09-04 14:04:00-04:00,95.1,,,19.449999999999946,8.749999999999986
2025-09-05,95.025,95.1,-0.07499999999998863,-0.07886435331229089,up,2025-09-05 09:31:00-04:00,1.0,95.425,0.3999999999999915,0.4209418574059368,0.3999999999999915,0.4209418574059368,0,,,,,,2025-09-05 14:04:00-04:00,96.125,0.7000000000000028,0.7335603877390651,19.449999999999946,9.449999999999989
2025-09-08,96.275,96.125,0.15000000000000568,0.15604681404421916,down,2025-09-08 09:31:00-04:00,1.0,95.85,-0.42500000000001137,-0.44144378083615826,-0.2750000000000057,-0.2860858257477302,0,,,,,,2025-09-08 14:04:00-04:00,95.25,-0.5999999999999943,-0.6259780907668173,19.449999999999946,10.049999999999983
2025-09-09,95.55,95.25,0.29999999999999716,0.31496062992125684,down,2025-09-09 09:31:00-04:00,1.0,95.575,0.025000000000005684,0.02616431187860354,-0.07500000000000284,-0.07841087297438874,1,2025-09-09 09:33:00-04:00,95.75,2.0,0.17499999999999716,0.1831022756997093,2025-09-09 14:04:00-04:00,96.15,,,19.47499999999995,10.049999999999983
2025-09-10,95.85,96.15,-0.30000000000001137,-0.3120124804992318,up,2025-09-10 09:31:00-04:00,1.0,96.225,0.375,0.39123630672926446,0.14999999999999147,0.15612802498047512,0,,,,,,2025-09-10 14:04:00-04:00,96.7,0.4750000000000085,0.4936347103143762,19.47499999999995,10.524999999999991
2025-09-11,97.025,96.7,0.32500000000000284,0.33609100310238144,down,2025-09-11 09:31:00-04:00,1.0,97.15,0.125,0.12883277505797475,-0.024999999999991473,-0.025726781579615617,1,2025-09-11 09:32:00-04:00,97.075,1.0,-0.07500000000000284,-0.07720020586721857,2025-09-11 14:04:00-04:00,98.175,,,19.59999999999995,10.524999999999991
2025-09-12,98.275,98.175,0.10000000000000853,0.10185892538834584,down,2025-09-12 09:34:00-04:00,4.0,98.1,-0.17500000000001137,-0.1780717374713929,-0.05000000000001137,-0.05094243504840689,0,,,,,,2025-09-12 14:04:00-04:00,97.075,-1.0249999999999915,-1.044852191641174,19.59999999999995,11.549999999999983
2025-09-15,97.75,97.075,0.6749999999999972,0.6953386556785961,down,2025-09-15 09:33:00-04:00,3.0,97.9,0.15000000000000568,0.15345268542200072,0.125,0.12784454103809767,1,2025-09-15 09:34:00-04:00,97.825,1.0,-0.07500000000000284,-0.07660878447395592,2025-09-15 14:04:00-04:00,97.575,,,19.749999999999957,11.549999999999983
2025-09-16,97.85,97.575,0.2749999999999915,0.28183448629258673,down,2025-09-16 09:31:00-04:00,1.0,97.975,0.125,0.12774655084312722,-0.125,-0.127420998980632,1,2025-09-16 09:32:00-04:00,98.0,1.0,0.025000000000005684,0.02551671344731379,2025-09-16 14:04:00-04:00,97.2,,,19.874999999999957,11.549999999999983
2025-09-17,88.225,97.2,-8.975000000000009,-9.233539094650215,up,2025-09-17 09:31:00-04:00,1.0,88.225,0.0,0.0,0.07499999999998863,0.08508224617128603,1,2025-09-17 09:43:00-04:00,88.075,12.0,-0.14999999999999147,-0.17001983564748255,2025-09-17 14:04:00-04:00,87.7,,,19.874999999999957,11.549999999999983
2025-09-18,87.6,87.7,-0.10000000000000853,-0.11402508551882386,up,2025-09-18 09:32:00-04:00,2.0,87.5,-0.09999999999999432,-0.11415525114154602,0.09999999999999432,0.11441647597253354,1,2025-09-18 09:33:00-04:00,87.375,1.0,-0.125,-0.14285714285714285,2025-09-18 14:04:00-04:00,87.775,,,19.97499999999995,11.549999999999983
2025-09-19,88.0,87.775,0.22499999999999432,0.25633722586157137,down,2025-09-19 09:32:00-04:00,2.0,88.075,0.07500000000000284,0.08522727272727595,0.17499999999999716,0.19908987485778973,1,2025-09-19 09:37:00-04:00,88.0,5.0,-0.07500000000000284,-0.08515469770082638,2025-09-19 14:04:00-04:00,87.625,,,20.049999999999955,11.549999999999983
2025-09-22,87.65,87.625,0.025000000000005684,0.02853067047076255,down,2025-09-22 09:31:00-04:00,1.0,87.525,-0.125,-0.1426126640045636,-0.024999999999991473,-0.028555111364924588,1,2025-09-22 09:32:00-04:00,87.7,1.0,0.17499999999999716,0.1999428734647211,2025-09-22 14:04:00-04:00,88.7,,,20.174999999999955,11.549999999999983
2025-09-23,89.025,88.7,0.32500000000000284,0.36640360766629404,down,2025-09-23 09:34:00-04:00,4.0,90.025,1.0,1.1232799775344005,0.4750000000000085,0.5304299274148615,1,2025-09-23 09:35:00-04:00,89.85,1.0,-0.17500000000001137,-0.19439044709804093,2025-09-23 14:04:00-04:00,90.575,,,21.174999999999955,11.549999999999983
2025-09-24,90.5,90.575,-0.07500000000000284,-0.08280430582390598,up,2025-09-24 09:31:00-04:00,1.0,90.35,-0.15000000000000568,-0.16574585635359745,0.04999999999999716,0.0553709856035406,1,2025-09-24 09:32:00-04:00,90.275,1.0,-0.07499999999998863,-0.08301051466517834,2025-09-24 14:04:00-04:00,88.05,,,21.32499999999996,11.549999999999983
2025-09-25,88.5,88.05,0.45000000000000284,0.5110732538330527,down,2025-09-25 09:33:00-04:00,3.0,88.075,-0.42499999999999716,-0.48022598870056177,-0.07500000000000284,-0.08508224617130214,1,2025-09-25 09:50:00-04:00,88.55,17.0,0.4749999999999943,0.5393130854385402,2025-09-25 14:04:00-04:00,88.7,,,21.749999999999957,11.549999999999983
2025-09-26,90.5,88.7,1.7999999999999972,2.0293122886133,down,2025-09-26 09:31:00-04:00,1.0,90.05,-0.45000000000000284,-0.49723756906077665,-0.15000000000000568,-0.166297117516636,1,2025-09-26 10:09:00-04:00,90.525,38.0,0.4750000000000085,0.5274847307051733,2025-09-26 14:04:00-04:00,91.0,,,22.19999999999996,11.549999999999983
2025-09-29,91.2,91.0,0.20000000000000284,0.2197802197802229,down,2025-09-29 09:31:00-04:00,1.0,90.75,-0.45000000000000284,-0.49342105263158204,-0.3499999999999943,-0.3841931942919806,0,,,,,,2025-09-29 14:04:00-04:00,90.325,-0.42499999999999716,-0.468319559228647,22.19999999999996,11.97499999999998
2025-09-30,90.0,90.325,-0.32500000000000284,-0.3598117907556079,up,2025-09-30 09:31:00-04:00,1.0,89.9,-0.09999999999999432,-0.1111111111111048,0.05000000000001137,0.05564830272677949,1,2025-09-30 09:32:00-04:00,89.8,1.0,-0.10000000000000853,-0.11123470522804062,2025-09-30 14:04:00-04:00,88.75,,,22.299999999999955,11.97499999999998
2025-10-01,88.5,88.75,-0.25,-0.28169014084507044,up,2025-10-01 09:31:00-04:00,1.0,89.05,0.5499999999999972,0.6214689265536691,0.22499999999999432,0.2533070644525689,1,2025-10-01 10:36:00-04:00,88.5,65.0,-0.5499999999999972,-0.6176305446378407,2025-10-01 14:04:00-04:00,86.8,,,22.84999999999995,11.97499999999998
2025-10-02,86.8,86.8,0.0,0.0,none,,,,,,,,0,,,,,,2025-10-02 14:04:00-04:00,86.775,,,22.84999999999995,
2025-10-03,86.775,86.775,0.0,0.0,none,,,,,,,,0,,,,,,2025-10-03 14:04:00-04:00,87.3,,,22.84999999999995,
2025-10-06,87.3,87.3,0.0,0.0,none,,,,,,,,0,,,,,,2025-10-06 14:04:00-04:00,87.25,,,22.84999999999995,
2025-10-07,87.025,87.25,-0.22499999999999432,-0.25787965616045194,up,2025-10-07 09:32:00-04:00,2.0,86.65,-0.375,-0.43091065785693766,-0.22499999999999432,-0.25899280575538913,1,2025-10-07 09:33:00-04:00,86.8,1.0,0.14999999999999147,0.17311021350258682,2025-10-07 14:04:00-04:00,86.275,,,23.22499999999995,11.97499999999998
2025-10-08,85.5,86.275,-0.7750000000000057,-0.8982903506230143,up,2025-10-08 09:31:00-04:00,1.0,85.75,0.25,0.29239766081871343,0.22499999999999432,0.26308097047646223,0,,,,,,2025-10-08 14:04:00-04:00,86.125,0.375,0.43731778425655976,23.22499999999995,12.34999999999998
2025-10-09,85.85,86.125,-0.2750000000000057,-0.3193033381712693,up,2025-10-09 09:31:00-04:00,1.0,85.775,-0.07499999999998863,-0.08736167734419177,0.025000000000005684,0.029154518950443947,1,2025-10-09 09:35:00-04:00,85.8,4.0,0.024999999999991473,0.02914602156804602,2025-10-09 14:04:00-04:00,84.45,,,23.29999999999994,12.34999999999998
2025-10-10,84.25,84.45,-0.20000000000000284,-0.2368265245707553,up,2025-10-10 09:31:00-04:00,1.0,84.05,-0.20000000000000284,-0.23738872403561168,0.024999999999991473,0.02975304968758283,1,2025-10-10 09:32:00-04:00,84.05,1.0,0.0,0.0,2025-10-10 14:04:00-04:00,83.95,,,23.499999999999943,12.34999999999998
2025-10-13,84.525,83.95,0.5750000000000028,0.6849315068493184,down,2025-10-13 09:32:00-04:00,2.0,85.175,0.6499999999999915,0.7690032534752931,0.3499999999999943,0.4126142057176473,1,2025-10-13 09:33:00-04:00,85.15,1.0,-0.024999999999991473,-0.029351335485754592,2025-10-13 14:04:00-04:00,84.825,,,24.149999999999935,12.34999999999998
2025-10-14,84.175,84.825,-0.6500000000000057,-0.7662835249042212,up,2025-10-14 09:33:00-04:00,3.0,83.6,-0.5750000000000028,-0.6831006831006865,-0.025000000000005684,-0.029895366218242972,1,2025-10-14 09:34:00-04:00,83.525,1.0,-0.07499999999998863,-0.08971291866027349,2025-10-14 14:04:00-04:00,83.125,,,24.724999999999937,12.34999999999998
2025-10-15,83.35,83.125,0.22499999999999432,0.27067669172931647,down,2025-10-15 09:31:00-04:00,1.0,83.55,0.20000000000000284,0.2399520095980838,-0.15000000000000568,-0.17921146953405698,1,2025-10-15 09:32:00-04:00,83.675,1.0,0.125,0.14961101137043686,2025-10-15 14:04:00-04:00,83.475,,,24.92499999999994,12.34999999999998
2025-10-16,83.1,83.475,-0.375,-0.44923629829290207,up,2025-10-16 09:34:00-04:00,4.0,83.175,0.07500000000000284,0.09025270758123087,0.04999999999999716,0.06015037593984621,1,2025-10-16 10:05:00-04:00,83.075,31.0,-0.09999999999999432,-0.12022843402464,2025-10-16 14:04:00-04:00,82.55,,,24.999999999999943,12.34999999999998
2025-10-17,83.0,82.55,0.45000000000000284,0.5451241671714147,down,2025-10-17 09:31:00-04:00,1.0,82.55,-0.45000000000000284,-0.5421686746987986,-0.2750000000000057,-0.3320253546634539,0,,,,,,2025-10-17 14:04:00-04:00,82.35,-0.20000000000000284,-0.2422774076317418,24.999999999999943,12.549999999999983
2025-10-20,82.425,82.35,0.07500000000000284,0.09107468123861913,down,2025-10-20 09:32:00-04:00,2.0,82.575,0.15000000000000568,0.18198362147407424,0.0,0.0,1,2025-10-20 09:33:00-04:00,82.575,1.0,0.0,0.0,2025-10-20 14:04:00-04:00,82.25,,,25.14999999999995,12.549999999999983
2025-10-21,82.6,82.25,0.3499999999999943,0.4255319148936101,down,2025-10-21 09:31:00-04:00,1.0,82.2,-0.3999999999999915,-0.48426150121064343,-0.20000000000000284,-0.2427184466019452,1,2025-10-21 09:37:00-04:00,82.65,6.0,0.45000000000000284,0.547445255474456,2025-10-21 14:04:00-04:00,83.3,,,25.54999999999994,12.549999999999983
2025-10-22,82.925,83.3,-0.375,-0.4501800720288115,up,2025-10-22 09:35:00-04:00,5.0,82.8,-0.125,-0.1507386192342478,-0.17499999999999716,-0.21090689966857143,1,2025-10-22 09:36:00-04:00,82.85,1.0,0.04999999999999716,0.06038647342994826,2025-10-22 14:04:00-04:00,82.375,,,25.67499999999994,12.549999999999983
2025-10-23,82.375,82.375,0.0,0.0,none,,,,,,,,0,,,,,,2025-10-23 14:04:00-04:00,81.875,,,25.67499999999994,
2025-10-24,82.075,81.875,0.20000000000000284,0.24427480916030883,down,2025-10-24 09:31:00-04:00,1.0,82.1,0.024999999999991473,0.0304599451720883,-0.15000000000000568,-0.18237082066869992,1,2025-10-24 09:43:00-04:00,82.075,12.0,-0.024999999999991473,-0.03045066991472774,2025-10-24 14:04:00-04:00,81.8,,,25.699999999999932,12.549999999999983
2025-10-27,82.5,81.8,0.7000000000000028,0.855745721271397,down,2025-10-27 09:31:00-04:00,1.0,82.4,-0.09999999999999432,-0.12121212121211432,-0.14999999999999147,-0.18170805572379345,0,,,,,,2025-10-27 14:04:00-04:00,81.45,-0.9500000000000028,-1.1529126213592267,25.699999999999932,13.499999999999986
2025-10-28,81.575,81.45,0.125,0.1534683855125844,down,2025-10-28 09:31:00-04:00,1.0,81.65,0.07500000000000284,0.09193993257738625,-0.22499999999999432,-0.2748091603053366,1,2025-10-28 09:32:00-04:00,81.65,1.0,0.0,0.0,2025-10-28 14:04:00-04:00,80.65,,,25.774999999999935,13.499999999999986
2025-10-29,81.25,80.65,0.5999999999999943,0.7439553626782323,down,2025-10-29 09:36:00-04:00,6.0,81.95,0.7000000000000028,0.8615384615384649,0.6000000000000085,0.7375537799631329,1,2025-10-29 09:37:00-04:00,81.9,1.0,-0.04999999999999716,-0.06101281269066157,2025-10-29 14:04:00-04:00,80.75,,,26.474999999999937,13.499999999999986
2025-10-30,80.95,80.75,0.20000000000000284,0.24767801857585492,down,2025-10-30 09:31:00-04:00,1.0,81.125,0.17499999999999716,0.21618282890672902,-0.15000000000000568,-0.1845585973546671,1,2025-10-30 09:32:00-04:00,80.975,1.0,-0.15000000000000568,-0.18489984591680209,2025-10-30 14:04:00-04:00,80.875,,,26.649999999999935,13.499999999999986
2025-10-31,81.125,80.875,0.25,0.3091190108191654,down,2025-10-31 09:32:00-04:00,2.0,81.225,0.09999999999999432,0.12326656394452305,0.17499999999999716,0.21591610117211246,1,2025-10-31 09:33:00-04:00,81.2,1.0,-0.024999999999991473,-0.030778701138801445,2025-10-31 14:04:00-04:00,81.35,,,26.74999999999993,13.499999999999986
2025-11-03,81.725,81.35,0.375,0.4609711124769515,down,2025-11-03 09:31:00-05:00,1.0,81.35,-0.375,-0.4588559192413582,-0.07500000000000284,-0.09210930303961049,0,,,,,,2025-11-03 14:04:00-05:00,80.35,-1.0,-1.2292562999385372,26.74999999999993,14.499999999999986
2025-11-04,80.6,80.35,0.25,0.3111387678904792,down,2025-11-04 09:32:00-05:00,2.0,80.525,-0.07499999999998863,-0.09305210918112734,-0.04999999999999716,-0.06205398696865921,1,2025-11-04 09:33:00-05:00,80.675,1.0,0.14999999999999147,0.18627755355478606,2025-11-04 14:04:00-05:00,79.825,,,26.824999999999918,14.499999999999986
2025-11-05,80.1,79.825,0.2749999999999915,0.3445036016285518,down,2025-11-05 09:35:00-05:00,5.0,80.375,0.2750000000000057,0.3433208489388336,0.22499999999999432,0.2807236431690509,1,2025-11-05 09:36:00-05:00,80.325,1.0,-0.04999999999999716,-0.062208398133744514,2025-11-05 14:04:00-05:00,80.5,,,27.099999999999923,14.499999999999986
2025-11-06,80.4,80.5,-0.09999999999999432,-0.12422360248446498,up,2025-11-06 09:31:00-05:00,1.0,80.625,0.22499999999999432,0.27985074626864964,0.22499999999999432,0.27985074626864964,1,2025-11-06 10:00:00-05:00,80.325,29.0,-0.29999999999999716,-0.3720930232558104,2025-11-06 14:04:00-05:00,79.05,,,27.324999999999918,14.499999999999986
2025-11-07,79.5,79.05,0.45000000000000284,0.5692599620493395,down,2025-11-07 09:31:00-05:00,1.0,79.175,-0.32500000000000284,-0.40880503144654445,-0.07500000000000284,-0.094637223974767,1,2025-11-07 11:51:00-05:00,79.525,140.0,0.3500000000000085,0.44205873065994133,2025-11-07 14:04:00-05:00,79.625,,,27.64999999999992,14.499999999999986
2025-11-10,80.0,79.625,0.375,0.47095761381475665,down,2025-11-10 09:32:00-05:00,2.0,80.65,0.6500000000000057,0.8125000000000071,0.05000000000001137,0.062034739454108395,1,2025-11-10 09:33:00-05:00,80.55,1.0,-0.10000000000000853,-0.12399256044638376,2025-11-10 14:04:00-05:00,82.6,,,28.299999999999926,14.499999999999986
2025-11-11,82.325,82.6,-0.2749999999999915,-0.33292978208231416,up,2025-11-11 09:31:00-05:00,1.0,82.875,0.5499999999999972,0.6680838141512264,0.07500000000000284,0.09057971014493098,1,2025-11-11 12:04:00-05:00,82.3,153.0,-0.5750000000000028,-0.6938159879336384,2025-11-11 14:04:00-05:00,82.35,,,28.849999999999923,14.499999999999986
2025-11-12,82.0,82.35,-0.3499999999999943,-0.42501517911353287,up,2025-11-12 09:32:00-05:00,2.0,81.5,-0.5,-0.6097560975609756,-0.025000000000005684,-0.030665440049071676,1,2025-11-12 09:33:00-05:00,81.675,1.0,0.17499999999999716,0.2147239263803646,2025-11-12 14:04:00-05:00,80.525,,,29.349999999999923,14.499999999999986
2025-11-13,80.275,80.525,-0.25,-0.31046258925799436,up,2025-11-13 09:33:00-05:00,3.0,79.725,-0.5500000000000114,-0.6851448146994846,0.09999999999999432,0.1255886970172613,1,2025-11-13 09:34:00-05:00,79.75,1.0,0.025000000000005684,0.03135779241142137,2025-11-13 14:04:00-05:00,78.175,,,29.899999999999935,14.499999999999986
2025-11-14,78.0,78.175,-0.17499999999999716,-0.22385673169171366,up,2025-11-14 09:31:00-05:00,1.0,78.425,0.42499999999999716,0.5448717948717912,0.125,0.15964240102171137,0,,,,,,2025-11-14 14:04:00-05:00,78.225,-0.20000000000000284,-0.25502072043353885,29.899999999999935,14.699999999999989
2025-11-17,79.425,78.225,1.2000000000000028,1.534036433365296,down,2025-11-17 09:31:00-05:00,1.0,79.55,0.125,0.15738117721120556,-0.025000000000005684,-0.03141690229344101,1,2025-11-17 09:32:00-05:00,79.5,1.0,-0.04999999999999716,-0.06285355122564068,2025-11-17 14:04:00-05:00,79.3,,,30.024999999999935,14.699999999999989
2025-11-18,79.7,79.3,0.4000000000000057,0.5044136191677248,down,2025-11-18 09:33:00-05:00,3.0,80.025,0.32500000000000284,0.4077791718946083,0.25,0.31338138514572234,1,2025-11-18 09:34:00-05:00,79.975,1.0,-0.05000000000001137,-0.06248047485162307,2025-11-18 14:04:00-05:00,77.775,,,30.349999999999937,14.699999999999989
2025-11-19,77.825,77.775,0.04999999999999716,0.06428801028607799,down,2025-11-19 09:34:00-05:00,4.0,78.425,0.5999999999999943,0.7709604882749685,0.29999999999999716,0.38399999999999634,1,2025-11-19 09:35:00-05:00,78.65,1.0,0.22500000000000853,0.286898310487738,2025-11-19 14:04:00-05:00,78.95,,,30.949999999999932,14.699999999999989
2025-11-20,78.8,78.95,-0.15000000000000568,-0.18999366687777794,up,2025-11-20 09:31:00-05:00,1.0,78.55,-0.25,-0.31725888324873097,0.09999999999999432,0.127469725940082,1,2025-11-20 09:32:00-05:00,78.75,1.0,0.20000000000000284,0.2546148949713595,2025-11-20 14:04:00-05:00,79.675,,,31.199999999999932,14.699999999999989
2025-11-21,79.0,79.675,-0.6749999999999972,-0.8471917163476589,up,2025-11-21 09:33:00-05:00,3.0,78.2,-0.7999999999999972,-1.0126582278480976,-0.22499999999999432,-0.28689831048771985,1,2025-11-21 09:34:00-05:00,78.45,1.0,0.25,0.319693094629156,2025-11-21 14:04:00-05:00,77.575,,,31.99999999999993,14.699999999999989
2025-11-24,77.8,77.575,0.22499999999999432,0.2900418949403729,down,2025-11-24 09:33:00-05:00,3.0,78.125,0.32500000000000284,0.4177377892030885,0.22499999999999432,0.28883183568677057,1,2025-11-24 09:34:00-05:00,78.05,1.0,-0.07500000000000284,-0.09600000000000364,2025-11-24 14:04:00-05:00,79.125,,,32.32499999999993,14.699999999999989
2025-11-25,79.25,79.125,0.125,0.1579778830963665,down,2025-11-25 09:32:00-05:00,2.0,79.475,0.22499999999999432,0.28391167192428307,-0.22500000000000853,-0.2823086574655063,1,2025-11-25 09:33:00-05:00,79.475,1.0,0.0,0.0,2025-11-25 14:04:00-05:00,79.075,,,32.549999999999926,14.699999999999989
2025-11-26,79.05,79.075,-0.025000000000005684,-0.03161555485299485,up,2025-11-26 09:31:00-05:00,1.0,79.3,0.25,0.3162555344718533,0.22499999999999432,0.2845399936768818,0,,,,,,2025-11-26 14:04:00-05:00,81.675,2.375,2.994955863808323,32.549999999999926,17.07499999999999
2025-11-28,82.0,81.675,0.32500000000000284,0.3979185797367651,down,2025-11-28 09:31:00-05:00,1.0,82.025,0.025000000000005684,0.030487804878055715,-0.14999999999999147,-0.18253726802554485,1,2025-11-28 09:32:00-05:00,82.075,1.0,0.04999999999999716,0.06095702529716202,2025-11-28 13:04:00-05:00,80.925,,,32.57499999999993,17.07499999999999
2025-12-01,81.5,80.925,0.5750000000000028,0.7105344454742081,down,2025-12-01 09:32:00-05:00,2.0,81.95,0.45000000000000284,0.5521472392638072,0.25,0.30599755201958384,1,2025-12-01 09:33:00-05:00,82.025,1.0,0.07500000000000284,0.09151921903600102,2025-12-01 14:04:00-05:00,80.325,,,33.024999999999935,17.07499999999999
2025-12-02,80.675,80.325,0.3499999999999943,0.4357298474945463,down,2025-12-02 09:33:00-05:00,3.0,80.825,0.15000000000000568,0.18593120545398908,0.20000000000000284,0.2480620155038795,1,2025-12-02 09:36:00-05:00,80.675,3.0,-0.15000000000000568,-0.18558614290133704,2025-12-02 14:04:00-05:00,80.125,,,33.17499999999994,17.07499999999999
2025-12-03,80.375,80.125,0.25,0.31201248049922,down,2025-12-03 09:31:00-05:00,1.0,80.2,-0.17499999999999716,-0.21772939346811465,-0.125,-0.1556178026766262,1,2025-12-03 09:32:00-05:00,80.525,1.0,0.32500000000000284,0.4052369077306769,2025-12-03 14:04:00-05:00,80.875,,,33.34999999999994,17.07499999999999
2025-12-04,81.25,80.875,0.375,0.46367851622874806,down,2025-12-04 09:32:00-05:00,2.0,81.625,0.375,0.46153846153846156,0.20000000000000284,0.24562480810562215,1,2025-12-04 09:33:00-05:00,81.7,1.0,0.07500000000000284,0.09188361408882431,2025-12-04 14:04:00-05:00,81.85,,,33.72499999999994,17.07499999999999
2025-12-05,81.8,81.85,-0.04999999999999716,-0.061087354917528605,up,2025-12-05 09:31:00-05:00,1.0,82.275,0.4750000000000085,0.5806845965770276,0.025000000000005684,0.03039513677812241,0,,,,,,2025-12-05 14:04:00-05:00,82.225,-0.05000000000001137,-0.06077180188393968,33.72499999999994,17.125
2025-12-08,82.475,82.225,0.25,0.3040437823046519,down,2025-12-08 09:31:00-05:00,1.0,82.175,-0.29999999999999716,-0.3637465898757165,-0.10000000000000853,-0.12154360376786207,1,2025-12-08 10:02:00-05:00,82.475,31.0,0.29999999999999716,0.36507453605110696,2025-12-08 14:04:00-05:00,82.35,,,34.024999999999935,17.125
2025-12-09,82.225,82.35,-0.125,-0.1517911353976928,up,2025-12-09 09:31:00-05:00,1.0,82.125,-0.09999999999999432,-0.12161751292185383,0.04999999999999716,0.060919890344193914,1,2025-12-09 09:32:00-05:00,82.0,1.0,-0.125,-0.15220700152207,2025-12-09 14:04:00-05:00,82.05,,,34.12499999999993,17.125
2025-12-10,81.875,82.05,-0.17499999999999716,-0.2132845825715992,up,2025-12-10 09:31:00-05:00,1.0,82.225,0.3499999999999943,0.42748091603052746,0.07499999999998863,0.09129640900789851,0,,,,,,2025-12-10 14:04:00-05:00,82.375,0.15000000000000568,0.18242626938279805,34.12499999999993,17.275000000000006
2025-12-11,82.825,82.375,0.45000000000000284,0.546282245827014,down,2025-12-11 09:35:00-05:00,5.0,83.55,0.7249999999999943,0.8753395713854443,0.7000000000000028,0.8449004224502147,1,2025-12-11 09:36:00-05:00,83.5,1.0,-0.04999999999999716,-0.05984440454817135,2025-12-11 14:04:00-05:00,84.125,,,34.84999999999992,17.275000000000006
2025-12-12,84.45,84.125,0.32500000000000284,0.3863298662704343,down,2025-12-12 09:32:00-05:00,2.0,84.875,0.42499999999999716,0.5032563647128445,0.025000000000005684,0.02946375957572856,1,2025-12-12 09:33:00-05:00,84.85,1.0,-0.025000000000005684,-0.029455081001479453,2025-12-12 14:04:00-05:00,84.5,,,35.27499999999992,17.275000000000006
2025-12-15,84.35,84.5,-0.15000000000000568,-0.17751479289941502,up,2025-12-15 09:37:00-05:00,7.0,82.625,-1.7249999999999943,-2.0450503852993416,-1.125,-1.3432835820895521,1,2025-12-15 09:38:00-05:00,82.925,1.0,0.29999999999999716,0.3630862329803294,2025-12-15 14:04:00-05:00,83.825,,,36.999999999999915,17.275000000000006
2025-12-16,83.95,83.825,0.125,0.14912019087384432,down,2025-12-16 09:31:00-05:00,1.0,84.25,0.29999999999999716,0.3573555687909436,-0.17499999999999716,-0.20728457210541568,1,2025-12-16 09:32:00-05:00,84.2,1.0,-0.04999999999999716,-0.0593471810088987,2025-12-16 14:04:00-05:00,84.65,,,37.29999999999991,17.275000000000006
2025-12-17,84.425,84.65,-0.22500000000000853,-0.2658003544004826,up,2025-12-17 09:35:00-05:00,5.0,84.05,-0.375,-0.44418122594018355,0.09999999999999432,0.11911852293030889,1,2025-12-17 09:36:00-05:00,83.95,1.0,-0.09999999999999432,-0.11897679952408605,2025-12-17 14:04:00-05:00,83.125,,,37.67499999999991,17.275000000000006
2025-12-18,83.35,83.125,0.22499999999999432,0.27067669172931647,down,2025-12-18 09:31:00-05:00,1.0,83.8,0.45000000000000284,0.5398920215956843,-0.07500000000000284,-0.0894187779433715,1,2025-12-18 09:32:00-05:00,84.175,1.0,0.375,0.44749403341288785,2025-12-18 14:04:00-05:00,84.075,,,38.124999999999915,17.275000000000006
2025-12-19,83.025,84.075,-1.0499999999999972,-1.2488849241748403,up,2025-12-19 09:32:00-05:00,2.0,83.2,0.17499999999999716,0.21077988557663013,-0.125,-0.15001500150015,0,,,,,,2025-12-19 14:04:00-05:00,84.7,1.5,1.8028846153846152,38.124999999999915,18.775000000000006
2025-12-22,84.65,84.7,-0.04999999999999716,-0.05903187721369204,up,2025-12-22 09:31:00-05:00,1.0,85.2,0.5499999999999972,0.6497341996455961,0.32500000000000284,0.38291605301914916,0,,,,,,2025-12-22 14:04:00-05:00,85.35,0.14999999999999147,0.176056338028159,38.124999999999915,18.924999999999997
2025-12-23,85.35,85.35,0.0,0.0,none,,,,,,,,0,,,,,,2025-12-23 14:04:00-05:00,86.05,,,38.124999999999915,
2025-12-24,84.875,86.05,-1.1749999999999972,-1.3654851830331172,up,2025-12-24 09:32:00-05:00,2.0,84.825,-0.04999999999999716,-0.058910162002942155,0.025000000000005684,0.0294811320754784,1,2025-12-24 09:33:00-05:00,84.8,1.0,-0.025000000000005684,-0.029472443265553414,2025-12-24 13:14:00-05:00,85.075,,,38.17499999999991,18.924999999999997
2025-12-26,84.575,85.075,-0.5,-0.5877167205406993,up,2025-12-26 09:32:00-05:00,2.0,84.275,-0.29999999999999716,-0.35471475022169335,-0.17499999999999716,-0.20722320899940455,1,2025-12-26 09:33:00-05:00,84.2,1.0,-0.07500000000000284,-0.08899436369030297,2025-12-26 14:04:00-05:00,84.575,,,38.47499999999991,18.924999999999997
2025-12-29,84.85,84.575,0.2749999999999915,0.3251551877032119,down,2025-12-29 09:31:00-05:00,1.0,84.875,0.025000000000005684,0.02946375957572856,-0.07500000000000284,-0.08828722778105103,1,2025-12-29 09:33:00-05:00,84.9,2.0,0.025000000000005684,0.029455081001479453,2025-12-29 14:04:00-05:00,84.55,,,38.499999999999915,18.924999999999997
2025-12-30,84.45,84.55,-0.09999999999999432,-0.11827321111767514,up,2025-12-30 09:31:00-05:00,1.0,84.875,0.42499999999999716,0.5032563647128445,0.125,0.14749262536873156,0,,,,,,2025-12-30 14:04:00-05:00,85.55,0.6749999999999972,0.795287187039761,38.499999999999915,19.599999999999994
2025-12-31,85.225,85.55,-0.32500000000000284,-0.3798947983635334,up,2025-12-31 09:31:00-05:00,1.0,85.65,0.42500000000001137,0.4986799647990747,0.10000000000000853,0.11689070718878845,1,2025-12-31 12:56:00-05:00,85.2,205.0,-0.45000000000000284,-0.5253940455341539,2025-12-31 14:04:00-05:00,85.075,,,38.924999999999926,19.599999999999994
2026-01-02,84.85,85.075,-0.22500000000000853,-0.26447252424332474,up,2026-01-02 09:32:00-05:00,2.0,84.875,0.025000000000005684,0.02946375957572856,-0.125,-0.14705882352941177,1,2026-01-02 09:35:00-05:00,84.625,3.0,-0.25,-0.29455081001472755,2026-01-02 14:04:00-05:00,84.05,,,38.94999999999993,19.599999999999994
2026-01-05,84.325,84.05,0.2750000000000057,0.327186198691262,down,2026-01-05 09:33:00-05:00,3.0,84.675,0.3499999999999943,0.41506077675658976,-0.07500000000000284,-0.08849557522124228,1,2026-01-05 09:34:00-05:00,84.675,1.0,0.0,0.0,2026-01-05 14:04:00-05:00,86.15,,,39.299999999999926,19.599999999999994
2026-01-06,85.6,86.15,-0.5500000000000114,-0.6384213580963568,up,2026-01-06 09:33:00-05:00,3.0,85.25,-0.3499999999999943,-0.40887850467289055,-0.22499999999999432,-0.26323486399531365,1,2026-01-06 09:34:00-05:00,85.15,1.0,-0.09999999999999432,-0.1173020527859171,2026-01-06 14:04:00-05:00,85.75,,,39.64999999999992,19.599999999999994
2026-01-07,85.675,85.75,-0.07500000000000284,-0.08746355685131527,up,2026-01-07 09:32:00-05:00,2.0,85.3,-0.375,-0.4377006127808579,-0.25,-0.29222676797194624,1,2026-01-07 09:33:00-05:00,85.3,1.0,0.0,0.0,2026-01-07 14:04:00-05:00,84.95,,,40.02499999999992,19.599999999999994
2026-01-08,84.8,84.95,-0.15000000000000568,-0.17657445556210205,up,2026-01-08 09:31:00-05:00,1.0,85.675,0.875,1.0318396226415096,0.14999999999999147,0.17538731365096927,0,,,,,,2026-01-08 14:04:00-05:00,85.975,0.29999999999999716,0.350160490224683,40.02499999999992,19.89999999999999
2026-01-09,85.375,85.975,-0.5999999999999943,-0.697877289909851,up,2026-01-09 09:31:00-05:00,1.0,85.275,-0.09999999999999432,-0.11713030746705044,0.07500000000000284,0.08802816901408783,1,2026-01-09 09:32:00-05:00,85.1,1.0,-0.17500000000001137,-0.20521841102317367,2026-01-09 14:04:00-05:00,85.5,,,40.124999999999915,19.89999999999999
2026-01-12,85.225,85.5,-0.2750000000000057,-0.32163742690059144,up,2026-01-12 09:40:00-05:00,10.0,84.2,-1.0249999999999915,-1.2026987386330203,-0.8999999999999915,-1.0575793184488738,1,2026-01-12 09:41:00-05:00,84.15,1.0,-0.04999999999999716,-0.059382422802846974,2026-01-12 14:04:00-05:00,84.5,,,41.149999999999906,19.89999999999999
2026-01-13,84.45,84.5,-0.04999999999999716,-0.05917159763313273,up,2026-01-13 09:33:00-05:00,3.0,84.775,0.32500000000000284,0.3848431024274752,0.0,0.0,1,2026-01-13 10:02:00-05:00,84.35,29.0,-0.42500000000001137,-0.5013270421704645,2026-01-13 14:04:00-05:00,84.675,,,41.47499999999991,19.89999999999999
2026-01-14,84.5,84.675,-0.17499999999999716,-0.20667257159728036,up,2026-01-14 09:31:00-05:00,1.0,84.625,0.125,0.14792899408284024,0.22499999999999432,0.2665876777251117,1,2026-01-14 10:06:00-05:00,84.5,35.0,-0.125,-0.14771048744460857,2026-01-14 14:04:00-05:00,85.725,,,41.59999999999991,19.89999999999999
2026-01-15,85.7,85.725,-0.024999999999991473,-0.029163021288995596,up,2026-01-15 09:31:00-05:00,1.0,86.05,0.3499999999999943,0.40840140023336563,0.3499999999999943,0.40840140023336563,0,,,,,,2026-01-15 14:04:00-05:00,87.8,1.75,2.033701336432307,41.59999999999991,21.64999999999999
2026-01-16,87.6,87.8,-0.20000000000000284,-0.22779043280182557,up,2026-01-16 09:31:00-05:00,1.0,87.9,0.30000000000001137,0.3424657534246705,0.25,0.2852253280091272,0,,,,,,2026-01-16 14:04:00-05:00,88.35,0.44999999999998863,0.5119453924914547,41.59999999999991,22.09999999999998
2026-01-20,95.525,88.35,7.175000000000011,8.121109224674603,down,2026-01-20 09:33:00-05:00,3.0,95.6,0.07499999999998863,0.07851347814707,0.22499999999999432,0.235910878112707,1,2026-01-20 09:39:00-05:00,95.55,6.0,-0.04999999999999716,-0.05230125523012255,2026-01-20 14:04:00-05:00,95.2,,,41.6749999999999,22.09999999999998
2026-01-21,95.1,95.2,-0.10000000000000853,-0.10504201680673164,up,2026-01-21 09:31:00-05:00,1.0,95.325,0.22500000000000853,0.2365930599369175,0.20000000000000284,0.2102496714848913,1,2026-01-21 09:38:00-05:00,95.05,7.0,-0.2750000000000057,-0.28848675583530625,2026-01-21 14:04:00-05:00,95.65,,,41.899999999999906,22.09999999999998
2026-01-22,96.0,95.65,0.3499999999999943,0.36591740721379434,down,2026-01-22 09:32:00-05:00,2.0,96.7,0.7000000000000028,0.7291666666666696,0.2750000000000057,0.28519574799067227,1,2026-01-22 09:33:00-05:00,96.65,1.0,-0.04999999999999716,-0.05170630816959375,2026-01-22 14:04:00-05:00,96.275,,,42.59999999999991,22.09999999999998
2026-01-23,96.35,96.275,0.07499999999998863,0.07790184367695521,down,2026-01-23 09:34:00-05:00,4.0,96.5,0.15000000000000568,0.15568240788791457,0.17499999999999716,0.181676615624186,1,2026-01-23 09:35:00-05:00,96.375,1.0,-0.125,-0.1295336787564767,2026-01-23 14:04:00-05:00,96.225,,,42.749999999999915,22.09999999999998
2026-01-26,96.4,96.225,0.17500000000001137,0.18186541958951558,down,2026-01-26 09:35:00-05:00,5.0,97.05,0.6499999999999915,0.6742738589211529,0.9500000000000028,0.9885535900104088,1,2026-01-26 09:36:00-05:00,96.925,1.0,-0.125,-0.1287995878413189,2026-01-26 14:04:00-05:00,96.675,,,43.399999999999906,22.09999999999998
2026-01-27,96.8,96.675,0.125,0.12929919834497025,down,2026-01-27 09:32:00-05:00,2.0,97.35,0.5499999999999972,0.5681818181818152,0.07499999999998863,0.07710100231301838,1,2026-01-27 09:33:00-05:00,97.35,1.0,0.0,0.0,2026-01-27 14:04:00-05:00,97.025,,,43.9499999999999,22.09999999999998
2026-01-28,96.075,97.025,-0.9500000000000028,-0.979129090440611,up,2026-01-28 09:31:00-05:00,1.0,95.85,-0.22500000000000853,-0.23419203747073483,0.125,0.130582397492818,1,2026-01-28 09:32:00-05:00,95.625,1.0,-0.22499999999999432,-0.23474178403755275,2026-01-28 14:04:00-05:00,95.25,,,44.17499999999991,22.09999999999998
2026-01-29,95.25,95.25,0.0,0.0,none,,,,,,,,0,,,,,,2026-01-29 14:04:00-05:00,95.325,,,44.17499999999991,
2026-01-30,94.925,95.325,-0.4000000000000057,-0.4196170993968064,up,2026-01-30 09:34:00-05:00,4.0,94.875,-0.04999999999999716,-0.05267316302343657,-0.125,-0.13157894736842105,1,2026-01-30 09:35:00-05:00,94.925,1.0,0.04999999999999716,0.05270092226613666,2026-01-30 14:04:00-05:00,95.25,,,44.22499999999991,22.09999999999998
2026-02-02,95.125,95.25,-0.125,-0.13123359580052493,up,2026-02-02 09:31:00-05:00,1.0,95.725,0.5999999999999943,0.630749014454659,0.3999999999999915,0.4196170993967915,0,,,,,,2026-02-02 14:04:00-05:00,96.625,0.9000000000000057,0.9401932619482953,44.22499999999991,22.999999999999986
2026-02-03,96.8,96.625,0.17499999999999716,0.18111254851228684,down,2026-02-03 09:32:00-05:00,2.0,96.65,-0.14999999999999147,-0.15495867768594163,0.0,0.0,1,2026-02-03 09:49:00-05:00,96.9,17.0,0.25,0.2586652871184687,2026-02-03 14:04:00-05:00,98.3,,,44.3749999999999,22.999999999999986
2026-02-04,98.15,98.3,-0.14999999999999147,-0.15259409969480311,up,2026-02-04 09:31:00-05:00,1.0,98.35,0.19999999999998863,0.20376974019356967,0.024999999999991473,0.025425883549444674,0,,,,,,2026-02-04 14:04:00-05:00,98.5,0.15000000000000568,0.15251652262329,44.3749999999999,23.14999999999999
2026-02-05,98.0,98.5,-0.5,-0.5076142131979695,up,2026-02-05 09:32:00-05:00,2.0,97.75,-0.25,-0.25510204081632654,0.3499999999999943,0.3593429158110824,1,2026-02-05 09:33:00-05:00,97.65,1.0,-0.09999999999999432,-0.1023017902813241,2026-02-05 14:04:00-05:00,98.575,,,44.6249999999999,23.14999999999999
2026-02-06,98.9,98.575,0.32500000000000284,0.3296981993406065,down,2026-02-06 09:37:00-05:00,7.0,99.375,0.4749999999999943,0.4802831142568193,0.5,0.5056890012642226,1,2026-02-06 09:38:00-05:00,98.975,1.0,-0.4000000000000057,-0.40251572327044594,2026-02-06 14:04:00-05:00,97.975,,,45.099999999999895,23.14999999999999
2026-02-09,97.55,97.975,-0.42499999999999716,-0.4337841286042329,up,2026-02-09 09:32:00-05:00,2.0,97.15,-0.3999999999999915,-0.41004613018963754,0.20000000000000284,0.20629190304280848,1,2026-02-09 09:33:00-05:00,96.975,1.0,-0.17500000000001137,-0.18013381369018153,2026-02-09 14:04:00-05:00,96.95,,,45.499999999999886,23.14999999999999
2026-02-10,96.95,96.95,0.0,0.0,none,,,,,,,,0,,,,,,2026-02-10 14:04:00-05:00,95.575,,,45.499999999999886,
2026-02-11,95.5,95.575,-0.07500000000000284,-0.07847240387130823,up,2026-02-11 09:32:00-05:00,2.0,95.2,-0.29999999999999716,-0.31413612565444726,0.025000000000005684,0.026267402153932952,1,2026-02-11 09:33:00-05:00,95.15,1.0,-0.04999999999999716,-0.05252100840335836,2026-02-11 14:04:00-05:00,93.9,,,45.79999999999988,23.14999999999999
2026-02-12,93.65,93.9,-0.25,-0.26624068157614483,up,2026-02-12 09:34:00-05:00,4.0,93.4,-0.25,-0.2669514148424986,0.0,0.0,1,2026-02-12 09:35:00-05:00,93.4,1.0,0.0,0.0,2026-02-12 14:04:00-05:00,92.05,,,46.04999999999988,23.14999999999999
2026-02-13,92.125,92.05,0.07500000000000284,0.08147745790331651,down,2026-02-13 09:32:00-05:00,2.0,91.825,-0.29999999999999716,-0.32564450474897927,-0.07500000000000284,-0.08161044613710865,1,2026-02-13 09:53:00-05:00,92.15,21.0,0.32500000000000284,0.35393411380343354,2026-02-13 14:04:00-05:00,91.325,,,46.34999999999988,23.14999999999999
2026-02-17,91.5,91.325,0.17499999999999716,0.19162332329591805,down,2026-02-17 09:32:00-05:00,2.0,92.475,0.9749999999999943,1.0655737704917971,-0.10000000000000853,-0.10802052389955012,1,2026-02-17 09:33:00-05:00,92.175,1.0,-0.29999999999999716,-0.32441200324411695,2026-02-17 14:04:00-05:00,92.225,,,47.324999999999875,23.14999999999999
2026-02-18,92.45,92.225,0.22500000000000853,0.24396855516401034,down,2026-02-18 09:33:00-05:00,3.0,92.675,0.22499999999999432,0.24337479718766286,-0.10000000000000853,-0.10778765831313233,1,2026-02-18 09:34:00-05:00,92.75,1.0,0.07500000000000284,0.08092797410305136,2026-02-18 14:04:00-05:00,92.55,,,47.54999999999987,23.14999999999999
2026-02-19,92.75,92.55,0.20000000000000284,0.21609940572663733,down,2026-02-19 09:31:00-05:00,1.0,92.175,-0.5750000000000028,-0.6199460916442079,-0.15000000000000568,-0.1624695369618258,1,2026-02-19 09:59:00-05:00,92.775,28.0,0.6000000000000085,0.6509357200976497,2026-02-19 14:04:00-05:00,93.5,,,48.12499999999987,23.14999999999999
2026-02-20,93.9,93.5,0.4000000000000057,0.42780748663102214,down,2026-02-20 09:32:00-05:00,2.0,93.7,-0.20000000000000284,-0.21299254526091888,0.4000000000000057,0.42872454448017755,1,2026-02-20 10:13:00-05:00,93.925,41.0,0.22499999999999432,0.24012806830308892,2026-02-20 14:04:00-05:00,93.625,,,48.324999999999875,23.14999999999999
2026-02-23,93.5,93.625,-0.125,-0.13351134846461948,up,2026-02-23 09:31:00-05:00,1.0,94.0,0.5,0.53475935828877,0.04999999999999716,0.053219797764765465,0,,,,,,2026-02-23 14:04:00-05:00,93.75,-0.25,-0.26595744680851063,48.324999999999875,23.39999999999999
2026-02-24,94.3,93.75,0.5499999999999972,0.5866666666666637,down,2026-02-24 09:31:00-05:00,1.0,94.25,-0.04999999999999716,-0.053022269353125304,-0.17499999999999716,-0.18533227429176294,1,2026-02-24 09:39:00-05:00,94.3,8.0,0.04999999999999716,0.05305039787798107,2026-02-24 14:04:00-05:00,95.8,,,48.37499999999987,23.39999999999999
2026-02-25,95.75,95.8,-0.04999999999999716,-0.05219206680584255,up,2026-02-25 09:32:00-05:00,2.0,95.875,0.125,0.13054830287206268,0.09999999999999432,0.10441138084050568,1,2026-02-25 10:46:00-05:00,95.625,74.0,-0.25,-0.2607561929595828,2026-02-25 14:04:00-05:00,96.2,,,48.49999999999987,23.39999999999999
2026-02-26,96.2,96.2,0.0,0.0,none,,,,,,,,0,,,,,,2026-02-26 14:04:00-05:00,95.65,,,48.49999999999987,
2026-02-27,95.725,95.65,0.07499999999998863,0.0784108729743739,down,2026-02-27 09:32:00-05:00,2.0,96.0,0.2750000000000057,0.2872812744842055,-0.025000000000005684,-0.02603488674824856,1,2026-02-27 09:33:00-05:00,96.2,1.0,0.20000000000000284,0.20833333333333628,2026-02-27 14:04:00-05:00,95.625,,,48.77499999999988,23.39999999999999
2026-03-02,95.5,95.625,-0.125,-0.130718954248366,up,2026-03-02 09:38:00-05:00,8.0,95.325,-0.17499999999999716,-0.18324607329842635,-0.17499999999999716,-0.18324607329842635,1,2026-03-02 09:39:00-05:00,95.2,1.0,-0.125,-0.13113034356150013,2026-03-02 14:04:00-05:00,95.575,,,48.949999999999875,23.39999999999999
2026-03-03,95.575,95.575,0.0,0.0,none,,,,,,,,0,,,,,,2026-03-03 14:04:00-05:00,95.775,,,48.949999999999875,
2026-03-04,95.85,95.775,0.07499999999998863,0.07830853563037184,down,2026-03-04 09:33:00-05:00,3.0,95.925,0.07500000000000284,0.07824726134585587,0.024999999999991473,0.02606882168925075,1,2026-03-04 09:34:00-05:00,96.15,1.0,0.22500000000000853,0.23455824863175245,2026-03-04 14:04:00-05:00,97.125,,,49.02499999999988,23.39999999999999
2026-03-05,97.075,97.125,-0.04999999999999716,-0.05148005148004855,up,2026-03-05 09:31:00-05:00,1.0,96.875,-0.20000000000000284,-0.20602626834921745,0.07500000000000284,0.07747933884297814,1,2026-03-05 09:32:00-05:00,96.8,1.0,-0.07500000000000284,-0.07741935483871261,2026-03-05 14:04:00-05:00,95.875,,,49.22499999999988,23.39999999999999
2026-03-06,95.65,95.875,-0.22499999999999432,-0.23468057366361855,up,2026-03-06 09:32:00-05:00,2.0,96.025,0.375,0.39205436487192885,0.05000000000001137,0.0520969002344479,1,2026-03-06 09:38:00-05:00,95.65,6.0,-0.375,-0.39052330122363965,2026-03-06 14:04:00-05:00,95.675,,,49.59999999999988,23.39999999999999
2026-03-09,95.35,95.675,-0.32500000000000284,-0.33969166448915894,up,2026-03-09 09:31:00-04:00,1.0,95.125,-0.22499999999999432,-0.23597273203984723,0.025000000000005684,0.02628811777077359,1,2026-03-09 09:32:00-04:00,94.675,1.0,-0.45000000000000284,-0.4730617608410017,2026-03-09 14:04:00-04:00,94.825,,,49.824999999999875,23.39999999999999
2026-03-10,95.6,94.825,0.7749999999999915,0.817295017136822,down,2026-03-10 09:31:00-04:00,1.0,95.625,0.025000000000005684,0.02615062761506871,-0.22499999999999432,-0.23474178403755275,1,2026-03-10 09:32:00-04:00,95.8,1.0,0.17499999999999716,0.18300653594770944,2026-03-10 14:04:00-04:00,96.225,,,49.84999999999988,23.39999999999999
2026-03-11,95.8,96.225,-0.42499999999999716,-0.44167316186022054,up,2026-03-11 09:31:00-04:00,1.0,95.925,0.125,0.1304801670146138,0.09999999999999432,0.10435690060004624,1,2026-03-11 09:32:00-04:00,95.775,1.0,-0.14999999999999147,-0.1563721657544868,2026-03-11 14:04:00-04:00,95.2,,,49.97499999999988,23.39999999999999
2026-03-12,95.0,95.2,-0.20000000000000284,-0.21008403361344835,up,2026-03-12 09:31:00-04:00,1.0,95.2,0.20000000000000284,0.21052631578947667,0.07500000000000284,0.0788436268068361,1,2026-03-12 09:35:00-04:00,94.975,4.0,-0.22500000000000853,-0.236344537815135,2026-03-12 14:04:00-04:00,94.475,,,50.17499999999988,23.39999999999999
2026-03-13,94.725,94.475,0.25,0.26462026991267534,down,2026-03-13 09:33:00-04:00,3.0,94.325,-0.3999999999999915,-0.422275006598038,-0.125,-0.1323451561672843,0,,,,,,2026-03-13 14:04:00-04:00,93.325,-1.0,-1.0601643254704478,50.17499999999988,24.39999999999999
2026-03-16,93.7,93.325,0.375,0.4018215912135012,down,2026-03-16 09:32:00-04:00,2.0,93.9,0.20000000000000284,0.21344717182497633,0.07500000000000284,0.07993605115907576,1,2026-03-16 09:33:00-04:00,94.025,1.0,0.125,0.13312034078807242,2026-03-16 14:04:00-04:00,93.5,,,50.374999999999886,24.39999999999999
2026-03-17,93.5,93.5,0.0,0.0,none,,,,,,,,0,,,,,,2026-03-17 14:04:00-04:00,93.8,,,50.374999999999886,
2026-03-18,93.725,93.8,-0.07500000000000284,-0.07995735607676209,up,2026-03-18 09:32:00-04:00,2.0,93.7,-0.024999999999991473,-0.026673779674570793,-0.09999999999999432,-0.10660980810233936,1,2026-03-18 09:33:00-04:00,93.55,1.0,-0.15000000000000568,-0.16008537886873606,2026-03-18 14:04:00-04:00,93.75,,,50.39999999999988,24.39999999999999
2026-03-19,93.65,93.75,-0.09999999999999432,-0.1066666666666606,up,2026-03-19 09:32:00-04:00,2.0,93.15,-0.5,-0.5339028296849972,-0.125,-0.13401232913428035,1,2026-03-19 09:33:00-04:00,93.35,1.0,0.19999999999998863,0.21470746108426045,2026-03-19 14:04:00-04:00,92.175,,,50.89999999999988,24.39999999999999
2026-03-20,105.1,92.175,12.924999999999997,14.022240303770001,down,2026-03-20 09:31:00-04:00,1.0,105.125,0.025000000000005684,0.023786869647959737,-0.15000000000000568,-0.14248397055331813,1,2026-03-20 09:32:00-04:00,105.175,1.0,0.04999999999999716,0.047562425683707166,2026-03-20 14:04:00-04:00,104.525,,,50.92499999999988,24.39999999999999
2026-03-23,104.475,104.525,-0.05000000000001137,-0.047835446065545434,up,2026-03-23 09:34:00-04:00,4.0,104.675,0.20000000000000284,0.1914333572625057,-0.75,-0.7114062129475931,1,2026-03-23 12:09:00-04:00,104.475,155.0,-0.20000000000000284,-0.1910675901600218,2026-03-23 14:04:00-04:00,104.375,,,51.124999999999886,24.39999999999999
2026-03-24,104.45,104.375,0.07500000000000284,0.07185628742515242,down,2026-03-24 09:31:00-04:00,1.0,103.775,-0.6749999999999972,-0.6462422211584462,-0.25,-0.2403268445085316,0,,,,,,2026-03-24 14:04:00-04:00,104.025,0.25,0.2409058058299205,51.124999999999886,24.64999999999999
2026-03-25,103.5,104.025,-0.5250000000000057,-0.5046863734679218,up,2026-03-25 09:32:00-04:00,2.0,103.425,-0.07500000000000284,-0.07246376811594478,0.22499999999999432,0.218023255813948,0,,,,,,2026-03-25 14:04:00-04:00,104.15,0.7250000000000085,0.7009910563210139,51.124999999999886,25.375
2026-03-26,104.0,104.15,-0.15000000000000568,-0.14402304368699537,up,2026-03-26 09:31:00-04:00,1.0,104.125,0.125,0.1201923076923077,0.04999999999999716,0.04804227720393673,0,,,,,,2026-03-26 14:04:00-04:00,104.325,0.20000000000000284,0.19207683073229564,51.124999999999886,25.575000000000003
2026-03-27,104.95,104.325,0.625,0.5990893841361131,down,2026-03-27 09:31:00-04:00,1.0,105.25,0.29999999999999716,0.2858504049547376,-0.375,-0.35502958579881655,1,2026-03-27 09:32:00-04:00,105.075,1.0,-0.17499999999999716,-0.1662707838479783,2026-03-27 14:04:00-04:00,105.975,,,51.42499999999988,25.575000000000003
2026-03-30,106.25,105.975,0.2750000000000057,0.25949516395376804,down,2026-03-30 09:35:00-04:00,5.0,106.475,0.22499999999999432,0.21176470588234758,0.625,0.5904581955597543,1,2026-03-30 09:36:00-04:00,106.675,1.0,0.20000000000000284,0.1878375205447315,2026-03-30 14:04:00-04:00,105.925,,,51.64999999999988,25.575000000000003
2026-03-31,105.9,105.925,-0.024999999999991473,-0.023601604909125773,up,2026-03-31 09:31:00-04:00,1.0,106.3,0.3999999999999915,0.3777148253068852,0.20000000000000284,0.1885014137606059,1,2026-03-31 10:28:00-04:00,105.9,57.0,-0.3999999999999915,-0.37629350893696284,2026-03-31 14:04:00-04:00,104.85,,,52.04999999999987,25.575000000000003
2026-04-01,104.85,104.85,0.0,0.0,none,,,,,,,,0,,,,,,2026-04-01 14:04:00-04:00,105.2,,,52.04999999999987,
2026-04-02,104.8,105.2,-0.4000000000000057,-0.38022813688213464,up,2026-04-02 09:31:00-04:00,1.0,104.725,-0.07500000000000284,-0.07156488549618592,0.09999999999999432,0.09557945041815466,1,2026-04-02 09:32:00-04:00,104.175,1.0,-0.5499999999999972,-0.5251850083552134,2026-04-02 14:04:00-04:00,104.45,,,52.12499999999987,25.575000000000003
2026-04-06,105.15,104.45,0.7000000000000028,0.6701771182383942,down,2026-04-06 09:34:00-04:00,4.0,106.225,1.0749999999999886,1.0223490252020815,0.7999999999999972,0.7588332938107633,1,2026-04-06 09:35:00-04:00,106.325,1.0,0.10000000000000853,0.09413979759944319,2026-04-06 14:04:00-04:00,107.55,,,53.19999999999986,25.575000000000003
2026-04-07,107.425,107.55,-0.125,-0.11622501162250116,up,2026-04-07 09:31:00-04:00,1.0,107.375,-0.04999999999999716,-0.04654410053525451,0.07500000000000284,0.06989748369058979,1,2026-04-07 09:34:00-04:00,107.4,3.0,0.025000000000005684,0.023282887078002964,2026-04-07 14:04:00-04:00,107.075,,,53.24999999999986,25.575000000000003
2026-04-08,107.05,107.075,-0.025000000000005684,-0.023348120476306966,up,2026-04-08 09:33:00-04:00,3.0,106.65,-0.3999999999999915,-0.37365716954693273,-0.625,-0.5826147751106968,1,2026-04-08 09:34:00-04:00,106.625,1.0,-0.025000000000005684,-0.023441162681674337,2026-04-08 14:04:00-04:00,104.65,,,53.64999999999985,25.575000000000003
2026-04-09,104.65,104.65,0.0,0.0,none,,,,,,,,0,,,,,,2026-04-09 14:04:00-04:00,104.175,,,53.64999999999985,
2026-04-10,103.95,104.175,-0.22499999999999432,-0.21598272138228397,up,2026-04-10 09:31:00-04:00,1.0,103.825,-0.125,-0.12025012025012026,0.10000000000000853,0.09640877319836928,1,2026-04-10 09:32:00-04:00,103.85,1.0,0.024999999999991473,0.024078979051280012,2026-04-10 14:04:00-04:00,103.55,,,53.77499999999985,25.575000000000003
2026-04-13,103.775,103.55,0.22500000000000853,0.2172863351038228,down,2026-04-13 09:31:00-04:00,1.0,102.9,-0.875,-0.8431703204047217,-0.125,-0.12132977432661975,0,,,,,,2026-04-13 14:04:00-04:00,102.975,0.07499999999998863,0.07288629737608225,53.77499999999985,25.64999999999999
2026-04-14,103.125,102.975,0.15000000000000568,0.14566642388929907,down,2026-04-14 09:31:00-04:00,1.0,102.825,-0.29999999999999716,-0.2909090909090882,-0.14999999999999147,-0.14566642388928525,1,2026-04-14 10:35:00-04:00,103.15,64.0,0.32500000000000284,0.3160709944079775,2026-04-14 14:04:00-04:00,102.475,,,54.07499999999985,25.64999999999999
2026-04-15,102.45,102.475,-0.024999999999991473,-0.024396194193697464,up,2026-04-15 09:34:00-04:00,4.0,102.175,-0.2750000000000057,-0.2684236212786781,0.024999999999991473,0.02447381302006018,1,2026-04-15 09:35:00-04:00,102.15,1.0,-0.024999999999991473,-0.024467824810366013,2026-04-15 14:04:00-04:00,101.825,,,54.34999999999985,25.64999999999999
2026-04-16,101.55,101.825,-0.2750000000000057,-0.2700712005892518,up,2026-04-16 09:31:00-04:00,1.0,101.575,0.025000000000005684,0.024618414574107024,0.17499999999999716,0.17258382642997747,1,2026-04-16 09:35:00-04:00,101.5,4.0,-0.07500000000000284,-0.07383706620723883,2026-04-16 14:04:00-04:00,101.7,,,54.37499999999986,25.64999999999999
2026-04-17,101.925,101.7,0.22499999999999432,0.22123893805309175,down,2026-04-17 09:31:00-04:00,1.0,101.65,-0.2749999999999915,-0.26980623007112237,-0.09999999999999432,-0.09828009828009268,0,,,,,,2026-04-17 14:04:00-04:00,100.975,-0.6750000000000114,-0.664043285784566,54.37499999999986,26.325000000000003
2026-04-20,101.45,100.975,0.4750000000000085,0.47041346868037487,down,2026-04-20 09:34:00-04:00,4.0,101.625,0.17499999999999716,0.172498767865941,0.4000000000000057,0.39515929859225063,1,2026-04-20 09:35:00-04:00,101.675,1.0,0.04999999999999716,0.04920049200491726,2026-04-20 14:04:00-04:00,101.775,,,54.549999999999855,26.325000000000003
2026-04-21,102.8,101.775,1.0249999999999915,1.0071235568656265,down,2026-04-21 09:31:00-04:00,1.0,103.05,0.25,0.24319066147859922,-0.15000000000000568,-0.14534883720930783,1,2026-04-21 09:32:00-04:00,103.05,1.0,0.0,0.0,2026-04-21 14:04:00-04:00,103.05,,,54.799999999999855,26.325000000000003
2026-04-22,103.175,103.05,0.125,0.12130033964095101,down,2026-04-22 09:31:00-04:00,1.0,103.1,-0.07500000000000284,-0.07269202810758696,-0.20000000000000284,-0.19361084220716637,1,2026-04-22 09:34:00-04:00,103.225,3.0,0.125,0.12124151309408343,2026-04-22 14:04:00-04:00,102.5,,,54.87499999999986,26.325000000000003
2026-04-23,102.625,102.5,0.125,0.12195121951219512,down,2026-04-23 09:32:00-04:00,2.0,102.325,-0.29999999999999716,-0.2923264311814832,-0.14999999999999147,-0.14637716516222637,1,2026-04-23 10:29:00-04:00,102.75,57.0,0.42499999999999716,0.4153432689958438,2026-04-23 14:04:00-04:00,103.425,,,55.174999999999855,26.325000000000003
2026-04-24,103.3,103.425,-0.125,-0.1208605269518975,up,2026-04-24 09:31:00-04:00,1.0,103.375,0.07500000000000284,0.07260406582768911,0.15000000000000568,0.14531363526278102,1,2026-04-24 09:37:00-04:00,103.025,6.0,-0.3499999999999943,-0.3385731559854842,2026-04-24 14:04:00-04:00,101.9,,,55.24999999999986,26.325000000000003
2026-04-27,102.05,101.9,0.14999999999999147,0.1472031403336521,down,2026-04-27 09:33:00-04:00,3.0,102.325,0.2750000000000057,0.26947574718275913,0.10000000000000853,0.09782342871118468,1,2026-04-27 09:34:00-04:00,102.3,1.0,-0.025000000000005684,-0.024431956999761237,2026-04-27 14:04:00-04:00,102.175,,,55.524999999999864,26.325000000000003
2026-04-28,102.1,102.175,-0.07500000000000284,-0.07340347443112587,up,2026-04-28 09:34:00-04:00,4.0,101.425,-0.6749999999999972,-0.6611165523996054,-0.20000000000000284,-0.196801968019683,1,2026-04-28 09:35:00-04:00,101.375,1.0,-0.04999999999999716,-0.049297510475718176,2026-04-28 14:04:00-04:00,102.0,,,56.19999999999986,26.325000000000003
2026-04-29,102.225,102.0,0.22499999999999432,0.2205882352941121,down,2026-04-29 09:31:00-04:00,1.0,102.4,0.17500000000001137,0.17119100024456968,-0.17499999999999716,-0.17060687301973887,1,2026-04-29 09:32:00-04:00,102.375,1.0,-0.025000000000005684,-0.02441406250000555,2026-04-29 14:04:00-04:00,103.725,,,56.37499999999987,26.325000000000003
2026-04-30,103.75,103.725,0.025000000000005684,0.024102193299595745,down,2026-04-30 09:31:00-04:00,1.0,103.6,-0.15000000000000568,-0.1445783132530175,-0.07500000000000284,-0.07234145165179923,1,2026-04-30 09:33:00-04:00,103.75,2.0,0.15000000000000568,0.1447876447876503,2026-04-30 14:04:00-04:00,102.2,,,56.52499999999988,26.325000000000003
